-- phpMyAdmin SQL Dump
-- version 4.1.14
-- http://www.phpmyadmin.net
--
-- Host: 127.0.0.1
-- Generation Time: Jul 01, 2016 at 01:20 PM
-- Server version: 5.6.17
-- PHP Version: 5.5.12

SET SQL_MODE = "NO_AUTO_VALUE_ON_ZERO";
SET time_zone = "+00:00";


/*!40101 SET @OLD_CHARACTER_SET_CLIENT=@@CHARACTER_SET_CLIENT */;
/*!40101 SET @OLD_CHARACTER_SET_RESULTS=@@CHARACTER_SET_RESULTS */;
/*!40101 SET @OLD_COLLATION_CONNECTION=@@COLLATION_CONNECTION */;
/*!40101 SET NAMES utf8 */;

--
-- Database: `yerevanmotors`
--

-- --------------------------------------------------------

--
-- Table structure for table `admin`
--

CREATE TABLE IF NOT EXISTS `admin` (
  `id` int(1) NOT NULL AUTO_INCREMENT,
  `userName` varchar(50) NOT NULL,
  `password` varchar(60) NOT NULL,
  `barmalogin` varchar(70) DEFAULT NULL,
  `barmapass` varchar(70) DEFAULT NULL,
  PRIMARY KEY (`id`)
) ENGINE=InnoDB  DEFAULT CHARSET=utf8 AUTO_INCREMENT=2 ;

--
-- Dumping data for table `admin`
--

INSERT INTO `admin` (`id`, `userName`, `password`, `barmalogin`, `barmapass`) VALUES
(1, 'adminyerevanmotors', '21232f297a57a5a743894a0e4a801fc3', 'surenkhudoyan@mail.ru', 'madagaskar');

-- --------------------------------------------------------

--
-- Table structure for table `announcement`
--

CREATE TABLE IF NOT EXISTS `announcement` (
  `id` int(11) NOT NULL AUTO_INCREMENT,
  `text` text NOT NULL,
  PRIMARY KEY (`id`)
) ENGINE=InnoDB  DEFAULT CHARSET=utf8 AUTO_INCREMENT=2 ;

--
-- Dumping data for table `announcement`
--

INSERT INTO `announcement` (`id`, `text`) VALUES
(1, '');

-- --------------------------------------------------------

--
-- Table structure for table `autoparts`
--

CREATE TABLE IF NOT EXISTS `autoparts` (
  `id` int(11) NOT NULL AUTO_INCREMENT,
  `part_number` varchar(50) NOT NULL,
  `description` varchar(255) NOT NULL,
  `price` float(10,2) NOT NULL,
  `currency` enum('usd','amd') NOT NULL,
  `inventory` int(10) NOT NULL,
  `weight` float(10,3) NOT NULL,
  `delivery` int(3) NOT NULL,
  `from` varchar(20) NOT NULL,
  `category` varchar(30) NOT NULL,
  `shop` varchar(255) NOT NULL,
  PRIMARY KEY (`id`),
  KEY `part_number` (`part_number`)
) ENGINE=InnoDB  DEFAULT CHARSET=utf8 AUTO_INCREMENT=756 ;

--
-- Dumping data for table `autoparts`
--

INSERT INTO `autoparts` (`id`, `part_number`, `description`, `price`, `currency`, `inventory`, `weight`, `delivery`, `from`, `category`, `shop`) VALUES
(1, '5682038000', '', 15000.00, 'amd', 2, 0.000, 0, 'armenia', '', 'arsen teci krug 093681470'),
(2, '5558037030', '', 8000.00, 'amd', 10, 0.000, 0, 'armenia', '', 'arsen teci krug 093681470'),
(3, '5455138010', '', 7000.00, 'amd', 6, 0.000, 0, 'armenia', '', 'arsen teci krug 093681470'),
(4, '5513033002', '', 6000.00, 'amd', 6, 0.000, 0, 'armenia', '', 'arsen teci krug 093681470'),
(5, '5271838000', '', 6000.00, 'amd', 8, 0.000, 0, 'armenia', '', 'arsen teci krug 093681470'),
(6, '5455238000', '', 7000.00, 'amd', 6, 0.000, 0, 'armenia', '', 'arsen teci krug 093681470'),
(7, '5458438610', '', 8000.00, 'amd', 6, 0.000, 0, 'armenia', '', 'arsen teci krug 093681470'),
(8, '545843F600', '', 8000.00, 'amd', 6, 0.000, 0, 'armenia', '', 'arsen teci krug 093681470'),
(9, '517603K000', '', 15000.00, 'amd', 4, 0.000, 0, 'armenia', '', 'arsen teci krug 093681470'),
(10, '5455137000', '', 5000.00, 'amd', 5, 0.000, 0, 'armenia', '', 'arsen teci krug 093681470'),
(11, '5682038000', '', 15000.00, 'amd', 2, 0.000, 0, 'armenia', '', 'arsen teci krug 093681470'),
(12, '2431233160', '', 35000.00, 'amd', 1, 0.000, 0, 'armenia', '', 'arsen teci krug 093681470'),
(13, '2335633160', '', 12000.00, 'amd', 1, 0.000, 0, 'armenia', '', 'arsen teci krug 093681470'),
(14, '2510033132', '', 30000.00, 'amd', 2, 0.000, 0, 'armenia', '', 'arsen teci krug 093681470'),
(15, '2511025002', '', 30000.00, 'amd', 1, 0.000, 0, 'armenia', '', 'arsen teci krug 093681470'),
(16, '2510026900', '', 30000.00, 'amd', 1, 0.000, 0, 'armenia', '', 'arsen teci krug 093681470'),
(17, '2510023530', '', 30000.00, 'amd', 1, 0.000, 0, 'armenia', '', 'arsen teci krug 093681470'),
(18, '218103K850', '', 30000.00, 'amd', 1, 0.000, 0, 'armenia', '', 'arsen teci krug 093681470'),
(19, '2231133110', '', 10000.00, 'amd', 6, 0.000, 0, 'armenia', '', 'arsen teci krug 093681470'),
(20, '4161034060', '', 25000.00, 'amd', 1, 0.000, 0, 'armenia', '', 'arsen teci krug 093681470'),
(21, '2306026100', '', 30000.00, 'amd', 4, 0.000, 0, 'armenia', '', 'arsen teci krug 093681470'),
(22, '5443038000', '', 12000.00, 'amd', 2, 0.000, 0, 'armenia', '', 'arsen teci krug 093681470'),
(23, '273013C100', '', 15000.00, 'amd', 6, 0.000, 0, 'armenia', '', 'arsen teci krug 093681470'),
(24, '4171033A20', '', 5000.00, 'amd', 10, 0.000, 0, 'armenia', '', 'arsen teci krug 093681470'),
(25, '5772438010', '', 15000.00, 'amd', 4, 0.000, 0, 'armenia', '', 'arsen teci krug 093681470'),
(26, '5521538000', '', 5000.00, 'amd', 6, 0.000, 0, 'armenia', '', 'arsen teci krug 093681470'),
(27, '545513L000', '', 6000.00, 'amd', 7, 0.000, 0, 'armenia', '', 'arsen teci krug 093681470'),
(28, '5554335010', '', 8000.00, 'amd', 6, 0.000, 0, 'armenia', '', 'arsen teci krug 093681470'),
(29, '5455536010', '', 6000.00, 'amd', 4, 0.000, 0, 'armenia', '', 'arsen teci krug 093681470'),
(30, '2740133110', '', 15000.00, 'amd', 3, 0.000, 0, 'armenia', '', 'arsen teci krug 093681470'),
(31, '548133K100', '', 3000.00, 'amd', 6, 0.000, 0, 'armenia', '', 'arsen teci krug 093681470'),
(32, '548133K000', '', 3000.00, 'amd', 10, 0.000, 0, 'armenia', '', 'arsen teci krug 093681470'),
(33, '555133K000', '', 3000.00, 'amd', 10, 0.000, 0, 'armenia', '', 'arsen teci krug 093681470'),
(34, '3615035510', '', 20000.00, 'amd', 1, 0.000, 0, 'armenia', '', 'arsen teci krug 093681470'),
(35, '4161034060', '', 25000.00, 'amd', 1, 0.000, 0, 'armenia', '', 'arsen teci krug 093681470'),
(36, '9311034000', '', 15000.00, 'amd', 3, 0.000, 0, 'armenia', '', 'arsen teci krug 093681470'),
(37, '548302H200', '', 10000.00, 'amd', 2, 0.000, 0, 'armenia', '', 'arsen teci krug 093681470'),
(38, '3614532510', '', 15000.00, 'amd', 2, 0.000, 0, 'armenia', '', 'arsen teci krug 093681470'),
(39, '5551326100', '', 3000.00, 'amd', 4, 0.000, 0, 'armenia', '', 'arsen teci krug 093681470'),
(40, '548132H000', '', 3000.00, 'amd', 4, 0.000, 0, 'armenia', '', 'arsen teci krug 093681470'),
(41, '5455137000', '', 3000.00, 'amd', 2, 0.000, 0, 'armenia', '', 'arsen teci krug 093681470'),
(42, '5525626000', '', 4000.00, 'amd', 4, 0.000, 0, 'armenia', '', 'arsen teci krug 093681470'),
(43, '5513038002', '', 6000.00, 'amd', 2, 0.000, 0, 'armenia', '', 'arsen teci krug 093681470'),
(44, '552182B000', '', 5000.00, 'amd', 4, 0.000, 0, 'armenia', '', 'arsen teci krug 093681470'),
(45, '5525744100', '', 3000.00, 'amd', 10, 0.000, 0, 'armenia', '', 'arsen teci krug 093681470'),
(46, '5682038900', '', 15000.00, 'amd', 2, 0.000, 0, 'armenia', '', 'arsen teci krug 093681470'),
(47, '5513040000', '', 6000.00, 'amd', 10, 0.000, 0, 'armenia', '', 'arsen teci krug 093681470'),
(48, '5444948000', '', 5000.00, 'amd', 3, 0.000, 0, 'armenia', '', 'arsen teci krug 093681470'),
(49, '5445348000', '', 5000.00, 'amd', 3, 0.000, 0, 'armenia', '', 'arsen teci krug 093681470'),
(50, '96308002', '', 4000.00, 'amd', 10, 0.000, 0, 'armenia', '', 'arsen teci krug 093681470'),
(51, '552703E000', '', 6000.00, 'amd', 2, 0.000, 0, 'armenia', '', 'arsen teci krug 093681470'),
(52, '5458438600', '', 6000.00, 'amd', 9, 0.000, 0, 'armenia', '', 'arsen teci krug 093681470'),
(53, '545842H000', '', 5000.00, 'amd', 1, 0.000, 0, 'armenia', '', 'arsen teci krug 093681470'),
(54, '5521526000', '', 5000.00, 'amd', 7, 0.000, 0, 'armenia', '', 'arsen teci krug 093681470'),
(55, '545843E002', '', 8000.00, 'amd', 4, 0.000, 0, 'armenia', '', 'arsen teci krug 093681470'),
(56, '5455129010', '', 5000.00, 'amd', 1, 0.000, 0, 'armenia', '', 'arsen teci krug 093681470'),
(57, '551182B100', '', 5000.00, 'amd', 2, 0.000, 0, 'armenia', '', 'arsen teci krug 093681470'),
(58, '545512E000', '', 5000.00, 'amd', 2, 0.000, 0, 'armenia', '', 'arsen teci krug 093681470'),
(59, '556203E000', '', 5000.00, 'amd', 1, 0.000, 0, 'armenia', '', 'arsen teci krug 093681470'),
(60, '556303E000', '', 5000.00, 'amd', 1, 0.000, 0, 'armenia', '', 'arsen teci krug 093681470'),
(61, '5444338000', '', 5000.00, 'amd', 4, 0.000, 0, 'armenia', '', 'arsen teci krug 093681470'),
(62, '545513L000', '', 7000.00, 'amd', 1, 0.000, 0, 'armenia', '', 'arsen teci krug 093681470'),
(63, '545523K600', '', 7000.00, 'amd', 1, 0.000, 0, 'armenia', '', 'arsen teci krug 093681470'),
(64, '5455234000', '', 5000.00, 'amd', 4, 0.000, 0, 'armenia', '', 'arsen teci krug 093681470'),
(65, '555433H000', '', 10000.00, 'amd', 6, 0.000, 0, 'armenia', '', 'arsen teci krug 093681470'),
(66, '5455224000', '', 5000.00, 'amd', 2, 0.000, 0, 'armenia', '', 'arsen teci krug 093681470'),
(67, '5455528000', '', 5000.00, 'amd', 3, 0.000, 0, 'armenia', '', 'arsen teci krug 093681470'),
(68, '551162E000', '', 8000.00, 'amd', 1, 0.000, 0, 'armenia', '', 'arsen teci krug 093681470'),
(69, '545512B000', '', 8000.00, 'amd', 2, 0.000, 0, 'armenia', '', 'arsen teci krug 093681470'),
(70, '551303B000', '', 5000.00, 'amd', 2, 0.000, 0, 'armenia', '', 'arsen teci krug 093681470'),
(71, '96328612', '', 20000.00, 'amd', 1, 0.000, 0, 'armenia', '', 'arsen teci krug 093681470'),
(72, '96488149', '', 20000.00, 'amd', 1, 0.000, 0, 'armenia', '', 'arsen teci krug 093681470'),
(73, '96640071', '', 25000.00, 'amd', 1, 0.000, 0, 'armenia', '', 'arsen teci krug 093681470'),
(74, '96496852', '', 15000.00, 'amd', 2, 0.000, 0, 'armenia', '', 'arsen teci krug 093681470'),
(75, '5458329000', '', 19000.00, 'amd', 1, 0.000, 0, 'armenia', '', 'arsen teci krug 093681470'),
(76, '5531029000', '', 15000.00, 'amd', 1, 0.000, 0, 'armenia', '', 'arsen teci krug 093681470'),
(77, '5532029000', '', 15000.00, 'amd', 2, 0.000, 0, 'armenia', '', 'arsen teci krug 093681470'),
(78, '96225638', '', 15000.00, 'amd', 2, 0.000, 0, 'armenia', '', 'arsen teci krug 093681470'),
(79, '553104A500', '', 20000.00, 'amd', 2, 0.000, 0, 'armenia', '', 'arsen teci krug 093681470'),
(80, '553102B001', '', 25000.00, 'amd', 2, 0.000, 0, 'armenia', '', 'arsen teci krug 093681470'),
(81, '4852042022', '', 35000.00, 'amd', 1, 0.000, 0, 'armenia', '', 'arsen teci krug 093681470'),
(82, '4851042022', '', 35000.00, 'amd', 1, 0.000, 0, 'armenia', '', 'arsen teci krug 093681470'),
(83, '5535129055', '', 30000.00, 'amd', 1, 0.000, 0, 'armenia', '', 'arsen teci krug 093681470'),
(84, '5536129055', '', 30000.00, 'amd', 1, 0.000, 0, 'armenia', '', 'arsen teci krug 093681470'),
(85, '2500025C', '', 35000.00, 'amd', 2, 0.000, 0, 'armenia', '', 'arsen teci krug 093681470'),
(86, '2936052C', '', 35000.00, 'amd', 2, 0.000, 0, 'armenia', '', 'arsen teci krug 093681470'),
(87, '96342823', '', 35000.00, 'amd', 1, 0.000, 0, 'armenia', '', 'arsen teci krug 093681470'),
(88, '96342824', '', 35000.00, 'amd', 1, 0.000, 0, 'armenia', '', 'arsen teci krug 093681470'),
(89, '2550023010', '', 3000.00, 'amd', 2, 0.000, 0, 'armenia', '', 'arsen teci krug 093681470'),
(90, '2550022250', '', 3000.00, 'amd', 3, 0.000, 0, 'armenia', '', 'arsen teci krug 093681470'),
(91, '255003C100', '', 4000.00, 'amd', 1, 0.000, 0, 'armenia', '', 'arsen teci krug 093681470'),
(92, '0K24120660', '', 50000.00, 'amd', 1, 0.000, 0, 'armenia', '', 'arsen teci krug 093681470'),
(93, '2441023400', '', 15000.00, 'amd', 1, 0.000, 0, 'armenia', '', 'arsen teci krug 093681470'),
(94, '233524X000', '', 20000.00, 'amd', 1, 0.000, 0, 'armenia', '', 'arsen teci krug 093681470'),
(95, '0K55211730', '', 25000.00, 'amd', 1, 0.000, 0, 'armenia', '', 'arsen teci krug 093681470'),
(96, '2441035590', '', 30000.00, 'amd', 1, 0.000, 0, 'armenia', '', 'arsen teci krug 093681470'),
(97, '5640038000', '', 40000.00, 'amd', 1, 0.000, 0, 'armenia', '', 'arsen teci krug 093681470'),
(98, '2319008020', '', 8000.00, 'amd', 1, 0.000, 0, 'armenia', '', 'arsen teci krug 093681470'),
(99, '281133E000', '', 8000.00, 'amd', 1, 0.000, 0, 'armenia', '', 'arsen teci krug 093681470'),
(100, '971333J100', '', 14000.00, 'amd', 1, 0.000, 0, 'armenia', '', 'arsen teci krug 093681470'),
(101, '2811308000', '', 13000.00, 'amd', 1, 0.000, 0, 'armenia', '', 'arsen teci krug 093681470'),
(102, '97619381000BK', '', 15000.00, 'amd', 1, 0.000, 0, 'armenia', '', 'arsen teci krug 093681470'),
(103, '8713933010', '', 15000.00, 'amd', 1, 0.000, 0, 'armenia', '', 'arsen teci krug 093681470'),
(104, 'MAF008', '', 7000.00, 'amd', 1, 0.000, 0, 'armenia', '', 'arsen teci krug 093681470'),
(105, '9713326000BR', '', 10000.00, 'amd', 1, 0.000, 0, 'armenia', '', 'arsen teci krug 093681470'),
(106, '575103E000', '', 13000.00, 'amd', 1, 0.000, 0, 'armenia', '', 'arsen teci krug 093681470'),
(107, '551303F000', '', 7000.00, 'amd', 2, 0.000, 0, 'armenia', '', 'arsen teci krug 093681470'),
(108, '311123F000', '', 18000.00, 'amd', 3, 0.000, 0, 'armenia', '', 'arsen teci krug 093681470'),
(109, '319112E000', '', 15000.00, 'amd', 2, 0.000, 0, 'armenia', '', 'arsen teci krug 093681470'),
(110, '2244323001', '', 3000.00, 'amd', 6, 0.000, 0, 'armenia', '', 'arsen teci krug 093681470'),
(111, '2244333020', '', 2000.00, 'amd', 4, 0.000, 0, 'armenia', '', 'arsen teci krug 093681470'),
(112, '96183258', '', 20000.00, 'amd', 1, 0.000, 0, 'armenia', '', 'arsen teci krug 093681470'),
(113, '5475143160', '', 3000.00, 'amd', 10, 0.000, 0, 'armenia', '', 'arsen teci krug 093681470'),
(114, 'SA059', '', 20000.00, 'amd', 1, 0.000, 0, 'armenia', '', 'arsen teci krug 093681470'),
(115, 'SA070', '', 20000.00, 'amd', 2, 0.000, 0, 'armenia', '', 'arsen teci krug 093681470'),
(116, 'SP1374', '', 15000.00, 'amd', 1, 0.000, 0, 'armenia', '', 'arsen teci krug 093681470'),
(117, 'SP1070', '', 15000.00, 'amd', 1, 0.000, 0, 'armenia', '', 'arsen teci krug 093681470'),
(118, 'SP1117', '', 12000.00, 'amd', 1, 0.000, 0, 'armenia', '', 'arsen teci krug 093681470'),
(119, '96273708', '', 15000.00, 'amd', 1, 0.000, 0, 'armenia', '', 'arsen teci krug 093681470'),
(120, 'SP1118', '', 15000.00, 'amd', 1, 0.000, 0, 'armenia', '', 'arsen teci krug 093681470'),
(121, 'SP1154', '', 15000.00, 'amd', 1, 0.000, 0, 'armenia', '', 'arsen teci krug 093681470'),
(122, '104202', '', 12000.00, 'amd', 1, 0.000, 0, 'armenia', '', 'arsen teci krug 093681470'),
(123, '931912039', '', 5000.00, 'amd', 2, 0.000, 0, 'armenia', '', 'arsen teci krug 093681470'),
(632, 'SP2033', 'KALOTKA', 15000.00, 'amd', 2, 0.000, 0, 'armenia', 'LAND CRUISER 03-  / PRADO 03-0', 'Armen Samo Atoyan poxoc 043411717'),
(633, 'SP1384', 'KALOTKA', 14000.00, 'amd', 2, 0.000, 0, 'armenia', 'HILANDER RX300 HARRIER', 'Armen Samo Atoyan poxoc 043411717'),
(634, 'SP2137', 'KALOTKA  DEM', 17500.00, 'amd', 1, 0.000, 0, 'armenia', 'RX350  10-', 'Armen Samo Atoyan poxoc 043411717'),
(635, 'SP1458', 'KALOTKA  HETEV', 13000.00, 'amd', 1, 0.000, 0, 'armenia', 'RX350  10-', 'Armen Samo Atoyan poxoc 043411717'),
(636, 'SP2037', 'KALOTKA DEM', 13000.00, 'amd', 2, 0.000, 0, 'armenia', 'CAMRY   01-06', 'Armen Samo Atoyan poxoc 043411717'),
(637, 'SP2038', 'KALOTKA HETEV', 11500.00, 'amd', 2, 0.000, 0, 'armenia', 'CAMRY  01-06', 'Armen Samo Atoyan poxoc 043411717'),
(638, 'SP2080', 'KALOTKA DEM', 13000.00, 'amd', 4, 0.000, 0, 'armenia', 'CAMRY 07-11', 'Armen Samo Atoyan poxoc 043411717'),
(639, 'SP1272', 'KALOTKA DEM', 14000.00, 'amd', 1, 0.000, 0, 'armenia', 'CELICA 01-05', 'Armen Samo Atoyan poxoc 043411717'),
(640, 'SP1379', 'KALOTKA DEM', 14000.00, 'amd', 3, 0.000, 0, 'armenia', 'LAND CRUISER  98-07 /PRADO 98-', 'Armen Samo Atoyan poxoc 043411717'),
(641, 'SP1380', 'KALOTKA HETEV', 12000.00, 'amd', 2, 0.000, 0, 'armenia', 'LAND CRUISER  98-07 /PRADO 98-', 'Armen Samo Atoyan poxoc 043411717'),
(642, 'SP2093', 'KALOTKA DEM', 13000.00, 'amd', 4, 0.000, 0, 'armenia', 'COROLLA 07-11 / RAV 4 06-', 'Armen Samo Atoyan poxoc 043411717'),
(643, 'SP2081', 'KALOTKA HETEV', 12000.00, 'amd', 1, 0.000, 0, 'armenia', 'CAMRY 07-11', 'Armen Samo Atoyan poxoc 043411717'),
(644, 'SP1419', 'KALOTKA DEM', 13000.00, 'amd', 2, 0.000, 0, 'armenia', 'YARIS 02-', 'Armen Samo Atoyan poxoc 043411717'),
(645, 'SP1588', 'KALOTKA DEM', 13000.00, 'amd', 2, 0.000, 0, 'armenia', 'YARIS 12-', 'Armen Samo Atoyan poxoc 043411717'),
(646, 'SP1267', 'KALOTKA DEM', 14500.00, 'amd', 3, 0.000, 0, 'armenia', 'TROOPER 91-98', 'Armen Samo Atoyan poxoc 043411717'),
(647, 'SP1399', 'KALOTKA DEM', 13000.00, 'amd', 3, 0.000, 0, 'armenia', 'ACCENT 11-', 'Armen Samo Atoyan poxoc 043411717'),
(648, 'SP1374', 'KALOTKA DEM', 13500.00, 'amd', 3, 0.000, 0, 'armenia', '2WD TUCSON 09- / SONATA 11- / ', 'Armen Samo Atoyan poxoc 043411717'),
(649, 'SP1187', 'KALOTKA HETEV', 11500.00, 'amd', 3, 0.000, 0, 'armenia', 'ACCENT 06- / TUCSON 10- /RIO 0', 'Armen Samo Atoyan poxoc 043411717'),
(650, 'SP1239', 'KALOTKA HETEV', 13000.00, 'amd', 3, 0.000, 0, 'armenia', 'SONATA 11-', 'Armen Samo Atoyan poxoc 043411717'),
(651, 'SP1196', 'KALOTKA  DEM', 13000.00, 'amd', 2, 0.000, 0, 'armenia', '4WD TUCSON 10- / SPORTAGE', 'Armen Samo Atoyan poxoc 043411717'),
(652, 'SP1202', 'KALOTKA DEM', 13000.00, 'amd', 3, 0.000, 0, 'armenia', 'ELANTRA 06-10 / SONATA 04-09', 'Armen Samo Atoyan poxoc 043411717'),
(653, 'SP1117', 'KALOTKA HETEV', 12000.00, 'amd', 2, 0.000, 0, 'armenia', 'ELANTRA  / SONATA 04-09 / TUXS', 'Armen Samo Atoyan poxoc 043411717'),
(654, 'SP2107', 'KALOTKA  DEM', 14500.00, 'amd', 2, 0.000, 0, 'armenia', 'ALTIMA 06- / FX35-45 03-', 'Armen Samo Atoyan poxoc 043411717'),
(655, 'SP1365', 'KALOTKA DEM', 14000.00, 'amd', 2, 0.000, 0, 'armenia', 'PATHFINDER / X-TRAIL / QX-4 / ', 'Armen Samo Atoyan poxoc 043411717'),
(656, 'SP1564', 'KALOTKA DEM', 14000.00, 'amd', 2, 0.000, 0, 'armenia', 'MICRA /MARCH 03-', 'Armen Samo Atoyan poxoc 043411717'),
(657, 'SP1451', 'KALOTKA DEM', 14500.00, 'amd', 2, 0.000, 0, 'armenia', 'MAXIMA 09-11 / SENTRA 09-11', 'Armen Samo Atoyan poxoc 043411717'),
(658, 'SP2094', 'KALOTKA HETEV', 12000.00, 'amd', 3, 0.000, 0, 'armenia', 'COROLLA 07-12 / RAV 4 06-', 'Armen Samo Atoyan poxoc 043411717'),
(659, 'SP1416', 'KALOTKA DEM', 13000.00, 'amd', 1, 0.000, 0, 'armenia', 'GRAND VITARA 05-', 'Armen Samo Atoyan poxoc 043411717'),
(660, '268326AT', 'RADIATOR', 90000.00, 'amd', 1, 0.000, 0, 'armenia', 'INFINITY FX35 05-', 'Armen Samo Atoyan poxoc 043411717'),
(661, '3420', 'RADIATOR A/C', 85000.00, 'amd', 1, 0.000, 0, 'armenia', 'INFINITY FX35 05-', 'Armen Samo Atoyan poxoc 043411717'),
(662, '1525726AT', 'RADIATOR', 100000.00, 'amd', 1, 0.000, 0, 'armenia', 'INFINITY FX50 09-', 'Armen Samo Atoyan poxoc 043411717'),
(663, '65100el030', 'KAPOT', 140000.00, 'amd', 1, 0.000, 0, 'armenia', 'NISSAN TIDA', 'Armen Samo Atoyan poxoc 043411717'),
(664, '2309426AT', 'RADIATOR', 80000.00, 'amd', 1, 0.000, 0, 'armenia', 'KIA RIO 08-', 'Armen Samo Atoyan poxoc 043411717'),
(665, 'DS20103B', 'KAPOT', 150000.00, 'amd', 1, 0.000, 0, 'armenia', 'NISSAN ALTIMA 08-10', 'Armen Samo Atoyan poxoc 043411717'),
(666, '5330102270', 'KAPOT', 140000.00, 'amd', 1, 0.000, 0, 'armenia', 'COROLLA 14 USA', 'Armen Samo Atoyan poxoc 043411717'),
(667, '5211903906', 'DEMI SHIT', 100000.00, 'amd', 1, 0.000, 0, 'armenia', 'COROLLA 14- SE', 'Armen Samo Atoyan poxoc 043411717'),
(668, '5211903904', 'DEMI SHIT', 100000.00, 'amd', 1, 0.000, 0, 'armenia', 'COROLLA 14- LE', 'Armen Samo Atoyan poxoc 043411717'),
(669, '5310002560', 'ABLICOVKA', 50000.00, 'amd', 1, 0.000, 0, 'armenia', 'COROLLA 14- LE', 'Armen Samo Atoyan poxoc 043411717'),
(670, '5310002570', 'ABLICOVKA', 50000.00, 'amd', 1, 0.000, 0, 'armenia', 'COROLLA 14- SE', 'Armen Samo Atoyan poxoc 043411717'),
(671, '5380102180', 'AJ KRILO', 45000.00, 'amd', 1, 0.000, 0, 'armenia', 'COROLLA USA 14', 'Armen Samo Atoyan poxoc 043411717'),
(672, '5380202170', 'DZAX KRILO', 45000.00, 'amd', 1, 0.000, 0, 'armenia', 'COROLLA USA 14', 'Armen Samo Atoyan poxoc 043411717'),
(673, '5202102300', 'BALKA', 70000.00, 'amd', 1, 0.000, 0, 'armenia', 'COROLLA 14-', 'Armen Samo Atoyan poxoc 043411717'),
(674, '8794002F30C0', 'DZAX HAYLI', 60000.00, 'amd', 0, 0.000, 0, 'armenia', 'COROLLA 14-', 'Armen Samo Atoyan poxoc 043411717'),
(675, '8791002F90C0', 'AJ HAYLI', 60000.00, 'amd', 1, 0.000, 0, 'armenia', 'COROLLA 14-', 'Armen Samo Atoyan poxoc 043411717'),
(676, '8794002F50C0', 'DZAX HAYLI MARGATOV', 70000.00, 'amd', 1, 0.000, 0, 'armenia', 'COROLLA 14-', 'Armen Samo Atoyan poxoc 043411717'),
(677, '8791002G10C0', 'AJ HAYLI MARGATOV', 70000.00, 'amd', 1, 0.000, 0, 'armenia', 'COROLLA 14-', 'Armen Samo Atoyan poxoc 043411717'),
(678, 'F2M22CG040', 'DEMI SHIT', 130000.00, 'amd', 1, 0.000, 0, 'armenia', 'INFINITY FX35 05-', 'Armen Samo Atoyan poxoc 043411717'),
(679, 'F5100CG0MM', 'KAPOT', 230000.00, 'amd', 1, 0.000, 0, 'armenia', 'FX35 05- nissan', 'Armen Samo Atoyan poxoc 043411717'),
(680, '62510CG000', 'ABLICOVKA', 125000.00, 'amd', 1, 0.000, 0, 'armenia', 'FX35 05-  nissan', 'Armen Samo Atoyan poxoc 043411717'),
(681, '62500CL70A', 'PATKAPOTNIK', 150000.00, 'amd', 0, 0.000, 0, 'armenia', 'FX35 05-  nissan', 'Armen Samo Atoyan poxoc 043411717'),
(682, 'F510M1CAMA', 'KAPOT', 260000.00, 'amd', 1, 0.000, 0, 'armenia', 'FX35 12  nissan', 'Armen Samo Atoyan poxoc 043411717'),
(683, '620221CL0H', 'DEMI SHIT', 140000.00, 'amd', 1, 0.000, 0, 'armenia', 'FX35 12  nissan', 'Armen Samo Atoyan poxoc 043411717'),
(684, '625011CA0B', 'PATKAPOTNIK', 140000.00, 'amd', 1, 0.000, 0, 'armenia', 'FX35 12  nissan', 'Armen Samo Atoyan poxoc 043411717'),
(685, '620261CB0A', 'DEMI SHTI SPOLER', 65000.00, 'amd', 1, 0.000, 0, 'armenia', 'FX35 12  nissan', 'Armen Samo Atoyan poxoc 043411717'),
(686, '620701CA0A', 'ABLICOVKA', 125000.00, 'amd', 1, 0.000, 0, 'armenia', 'FX35 12  nissan', 'Armen Samo Atoyan poxoc 043411717'),
(687, 'ghp950031b', 'DEMI SHIT', 110000.00, 'amd', 1, 0.000, 0, 'armenia', 'MAZDA 6 14', 'Armen Samo Atoyan poxoc 043411717'),
(688, 'ghp950031b', 'DEMI SHIT', 110000.00, 'amd', 1, 0.000, 0, 'armenia', 'MAZDA 6 14', 'Armen Samo Atoyan poxoc 043411717'),
(689, 'ghp950712e', 'ABLICOVKA', 55000.00, 'amd', 2, 0.000, 0, 'armenia', 'MAZDA 6 14', 'Armen Samo Atoyan poxoc 043411717'),
(690, 'gdk450031d', 'DEMI SHIT', 90000.00, 'amd', 1, 0.000, 0, 'armenia', 'MAZDA 6 09', 'Armen Samo Atoyan poxoc 043411717'),
(691, 'gsyd5231xa', 'KAPOT', 160000.00, 'amd', 1, 0.000, 0, 'armenia', 'MAZDA 6 09', 'Armen Samo Atoyan poxoc 043411717'),
(692, 'gdk450710b', 'ABLICOVKA', 55000.00, 'amd', 1, 0.000, 0, 'armenia', 'MAZDA 6 09', 'Armen Samo Atoyan poxoc 043411717'),
(693, 'gdk550c21b', 'TUMANNIK DZAX', 20000.00, 'amd', 1, 0.000, 0, 'armenia', 'MAZDA 6 09', 'Armen Samo Atoyan poxoc 043411717'),
(694, 'gdk550c13c', 'TUMANNIK AJ', 20000.00, 'amd', 0, 0.000, 0, 'armenia', 'MAZDA 6 09', 'Armen Samo Atoyan poxoc 043411717'),
(695, 'gdk450c11a', 'TUMANNIKI SETKA AJ', 15000.00, 'amd', 2, 0.000, 0, 'armenia', 'MAZDA 6 09', 'Armen Samo Atoyan poxoc 043411717'),
(696, 'gdk450c21a', 'TUMANNIKI SETKA DZAX', 15000.00, 'amd', 2, 0.000, 0, 'armenia', 'MAZDA 6 09', 'Armen Samo Atoyan poxoc 043411717'),
(697, 'gdk4501t1a', 'SHTI TAKI SETKA', 25000.00, 'amd', 2, 0.000, 0, 'armenia', 'MAZDA 6 09', 'Armen Samo Atoyan poxoc 043411717'),
(698, 'bby45231xc', 'KAPOT', 160000.00, 'amd', 1, 0.000, 0, 'armenia', 'MAZDA 3 11', 'Armen Samo Atoyan poxoc 043411717'),
(699, 'bbm452111b', 'AJ KRILO', 50000.00, 'amd', 1, 0.000, 0, 'armenia', 'MAZDA 3 11', 'Armen Samo Atoyan poxoc 043411717'),
(700, 'bbm452211b', 'DZAX KRILO', 50000.00, 'amd', 1, 0.000, 0, 'armenia', 'MAZDA 3 11', 'Armen Samo Atoyan poxoc 043411717'),
(701, 'bgv450031e', 'DEMI SHIT', 95000.00, 'amd', 1, 0.000, 0, 'armenia', 'MAZDA 3 11', 'Armen Samo Atoyan poxoc 043411717'),
(702, 'bbp2510k0l', 'AJ FAR', 65000.00, 'amd', 1, 0.000, 0, 'armenia', 'MAZDA 3 11', 'Armen Samo Atoyan poxoc 043411717'),
(703, 'bbp251olol', 'DZAX FAR', 65000.00, 'amd', 1, 0.000, 0, 'armenia', 'MAZDA 3 11', 'Armen Samo Atoyan poxoc 043411717'),
(704, 'bbm453520', 'PATKAPOTNIK', 60000.00, 'amd', 1, 0.000, 0, 'armenia', 'MAZDA 3 11', 'Armen Samo Atoyan poxoc 043411717'),
(705, '521190z927', 'DEMI SHIT', 90000.00, 'amd', 1, 0.000, 0, 'armenia', 'COROLLA 14 USA', 'Armen Samo Atoyan poxoc 043411717'),
(706, '521190z930', 'DEMI SHIT', 90000.00, 'amd', 1, 0.000, 0, 'armenia', 'COROLLA 14 SE USA', 'Armen Samo Atoyan poxoc 043411717'),
(707, '5215902999', 'HETEVI SHIT', 95000.00, 'amd', 2, 0.000, 0, 'armenia', 'COROLLA 14', 'Armen Samo Atoyan poxoc 043411717'),
(708, '8155102350', 'STOP AJ', 55000.00, 'amd', 1, 0.000, 0, 'armenia', 'COROLLA 14 USA', 'Armen Samo Atoyan poxoc 043411717'),
(709, '8155202350', 'STOP DZAX', 55000.00, 'amd', 1, 0.000, 0, 'armenia', 'COROLLA 14 USA', 'Armen Samo Atoyan poxoc 043411717'),
(710, '6700102390', 'DUR AJ DEMI', 170000.00, 'amd', 1, 0.000, 0, 'armenia', 'CAMRY 12', 'Armen Samo Atoyan poxoc 043411717'),
(711, '6700302410', 'DUR AJ HETEV', 160000.00, 'amd', 1, 0.000, 0, 'armenia', 'CAMRY 12', 'Armen Samo Atoyan poxoc 043411717'),
(712, '5310160290', 'ABLICOVKA', 55000.00, 'amd', 1, 0.000, 0, 'armenia', 'LX470', 'Armen Samo Atoyan poxoc 043411717'),
(713, '5310160480', 'ABLICOVKA', 60000.00, 'amd', 1, 0.000, 0, 'armenia', 'Land Cruiser 200', 'Armen Samo Atoyan poxoc 043411717'),
(714, '4401126RLDEM', 'AJ FAR', 65000.00, 'amd', 1, 0.000, 0, 'armenia', 'MERCEDES W211 02-06', 'Armen Samo Atoyan poxoc 043411717'),
(715, '4401126LLDEM', 'DZAX FAR', 65000.00, 'amd', 1, 0.000, 0, 'armenia', 'MERCEDES W211 02-06', 'Armen Samo Atoyan poxoc 043411717'),
(716, '4401943RUQ', 'STOP AJ', 60000.00, 'amd', 1, 0.000, 0, 'armenia', 'MERCEDES W211 07-09', 'Armen Samo Atoyan poxoc 043411717'),
(717, '4401943LUQ', 'STOP DZAX', 60000.00, 'amd', 1, 0.000, 0, 'armenia', 'MERCEDES W211 07-09', 'Armen Samo Atoyan poxoc 043411717'),
(718, '4401970PXAVCR', 'STOPER COMPLEKT', 150000.00, 'amd', 1, 0.000, 0, 'armenia', 'MERCEDES W221', 'Armen Samo Atoyan poxoc 043411717'),
(719, '4401125PXLDEM', 'DEMI FAR COMPLEKT', 145000.00, 'amd', 1, 0.000, 0, 'armenia', 'MERCEDES W210 00-02', 'Armen Samo Atoyan poxoc 043411717'),
(720, 'TH7221MEBFAR', 'AJ HAYLI', 130000.00, 'amd', 1, 0.000, 0, 'armenia', 'MERCEDES W221', 'Armen Samo Atoyan poxoc 043411717'),
(721, 'TH7221MEBFAL', 'DZAX HAYLI', 130000.00, 'amd', 1, 0.000, 0, 'armenia', 'MERCEDES W221', 'Armen Samo Atoyan poxoc 043411717'),
(722, '95550531110g2x', 'DEMI SHIT', 150000.00, 'amd', 1, 0.000, 0, 'armenia', 'PORSCHE CAYENNE 08-10', 'Armen Samo Atoyan poxoc 043411717'),
(723, '863503x000', 'ABLICOVKA', 40000.00, 'amd', 2, 0.000, 0, 'armenia', 'ELANTRA 2012', 'Armen Samo Atoyan poxoc 043411717'),
(724, '863503k000', 'ABLICOVKA', 40000.00, 'amd', 2, 0.000, 0, 'armenia', 'SONATA 2006', 'Armen Samo Atoyan poxoc 043411717'),
(725, '863553s000', 'KAPOTI NIKEL', 18000.00, 'amd', 2, 0.000, 0, 'armenia', 'SONATA 2010-', 'Armen Samo Atoyan poxoc 043411717'),
(726, '922023s000', 'TUMANNIK AJ', 18000.00, 'amd', 2, 0.000, 0, 'armenia', 'SONATA 2012', 'Armen Samo Atoyan poxoc 043411717'),
(727, '922013s000', 'TUMANNIK DZAX', 18000.00, 'amd', 2, 0.000, 0, 'armenia', 'SONATA 2012', 'Armen Samo Atoyan poxoc 043411717'),
(728, '863553k000', 'KAPOTI NIKEL', 18000.00, 'amd', 2, 0.000, 0, 'armenia', 'SONATA 2006-', 'Armen Samo Atoyan poxoc 043411717'),
(729, '922022h000', 'TUMANNIK AJ', 18000.00, 'amd', 2, 0.000, 0, 'armenia', 'ELANTRA 2010-', 'Armen Samo Atoyan poxoc 043411717'),
(730, '922012h000', 'TUMANNIK DZAX', 18000.00, 'amd', 2, 0.000, 0, 'armenia', 'ELANTRA 2010-', 'Armen Samo Atoyan poxoc 043411717'),
(731, '664003w000', 'KAPOT', 160000.00, 'amd', 1, 0.000, 0, 'armenia', 'KIA SPORTAGE 2012', 'Armen Samo Atoyan poxoc 043411717'),
(732, '976062s000', 'A/C RADIATOR', 95000.00, 'amd', 1, 0.000, 0, 'armenia', 'KIA SPORTAGE 2012', 'Armen Samo Atoyan poxoc 043411717'),
(733, '253102s200', 'RADIATOR', 110000.00, 'amd', 1, 0.000, 0, 'armenia', 'KIA SPORTAGE 2012', 'Armen Samo Atoyan poxoc 043411717'),
(734, '922022l010', 'TUMANNIK AJ', 17000.00, 'amd', 1, 0.000, 0, 'armenia', 'ELANTRA  2008', 'Armen Samo Atoyan poxoc 043411717'),
(735, '922012l010', 'TUMANNIK DZAX', 17000.00, 'amd', 1, 0.000, 0, 'armenia', 'ELANTRA 2008', 'Armen Samo Atoyan poxoc 043411717'),
(736, '865113q000', 'DEMI SHIT', 90000.00, 'amd', 1, 0.000, 0, 'armenia', 'SONATA 2010- OGTAGORCAC', 'Armen Samo Atoyan poxoc 043411717'),
(737, '865113x000', 'DEMI SHIT', 90000.00, 'amd', 2, 0.000, 0, 'armenia', 'ELANTRA 2011-', 'Armen Samo Atoyan poxoc 043411717'),
(738, '663113x000', 'KRILO DZAX', 50000.00, 'amd', 1, 0.000, 0, 'armenia', 'Elantra 2011-', 'Armen Samo Atoyan poxoc 043411717'),
(739, '663211m040', 'KRILO AJ', 50000.00, 'amd', 1, 0.000, 0, 'armenia', 'Kia Cerato', 'Armen Samo Atoyan poxoc 043411717'),
(740, '663213s000', 'KRILO AJ  taiwan', 50000.00, 'amd', 2, 0.000, 0, 'armenia', 'SONATA 2010-', 'Armen Samo Atoyan poxoc 043411717'),
(741, '663113s000', 'KRILO DZAX taiwan', 50000.00, 'amd', 2, 0.000, 0, 'armenia', 'SONATA 2010-', 'Armen Samo Atoyan poxoc 043411717'),
(742, '976063r000', 'A/C RADIATOR', 75000.00, 'amd', 2, 0.000, 0, 'armenia', 'SONATA 2011-', 'Armen Samo Atoyan poxoc 043411717'),
(743, '253103s000', 'RADIATOR', 90000.00, 'amd', 2, 0.000, 0, 'armenia', 'SONATA 2011-', 'Armen Samo Atoyan poxoc 043411717'),
(744, '976063x000', 'A/C RADIATOR', 70000.00, 'amd', 2, 0.000, 0, 'armenia', 'ELANTRA 2012', 'Armen Samo Atoyan poxoc 043411717'),
(745, '253103x010', 'RADIATOR', 85000.00, 'amd', 2, 0.000, 0, 'armenia', 'ELANTRA 2012', 'Armen Samo Atoyan poxoc 043411717'),
(746, '976063l180', 'A/C RADIATOR', 80000.00, 'amd', 2, 0.000, 0, 'armenia', 'SONATA 2006-2009', 'Armen Samo Atoyan poxoc 043411717'),
(747, '253100a080', 'RADIATOR', 90000.00, 'amd', 2, 0.000, 0, 'armenia', 'SONATA 2006-2009', 'Armen Samo Atoyan poxoc 043411717'),
(748, '976062h010', 'A/C RADIATOR', 70000.00, 'amd', 1, 0.000, 0, 'armenia', 'ELANTRA 2008', 'Armen Samo Atoyan poxoc 043411717'),
(749, '253102h000', 'RADIATOR', 80000.00, 'amd', 1, 0.000, 0, 'armenia', 'ELANTRA 2008', 'Armen Samo Atoyan poxoc 043411717'),
(750, '864303k000', 'KAPOT', 145000.00, 'amd', 1, 0.000, 0, 'armenia', 'SONATA 2006-2009', 'Armen Samo Atoyan poxoc 043411717'),
(751, '664003x000', 'KAPOT', 155000.00, 'amd', 1, 0.000, 0, 'armenia', 'ELANTRA 2012', 'Armen Samo Atoyan poxoc 043411717'),
(752, '6640003s000', 'KAPOT', 155000.00, 'amd', 1, 0.000, 0, 'armenia', 'SONATA 2012', 'Armen Samo Atoyan poxoc 043411717'),
(753, '921020a000', 'AJ FAR', 50000.00, 'amd', 1, 0.000, 0, 'armenia', 'SONATA 2006', 'Armen Samo Atoyan poxoc 043411717'),
(754, '921010a000', 'DZAX FAR', 50000.00, 'amd', 1, 0.000, 0, 'armenia', 'SONATA 2006', 'Armen Samo Atoyan poxoc 043411717'),
(755, '863503s700', 'ABLICOVKA', 40000.00, 'amd', 2, 0.000, 0, 'armenia', 'SONATA 2012-', 'Armen Samo Atoyan poxoc 043411717');

-- --------------------------------------------------------

--
-- Table structure for table `ci_sessions`
--

CREATE TABLE IF NOT EXISTS `ci_sessions` (
  `session_id` varchar(40) NOT NULL DEFAULT '0',
  `ip_address` varchar(45) NOT NULL DEFAULT '0',
  `user_agent` varchar(120) NOT NULL,
  `last_activity` int(10) unsigned NOT NULL DEFAULT '0',
  `user_data` text NOT NULL,
  PRIMARY KEY (`session_id`),
  KEY `last_activity_idx` (`last_activity`)
) ENGINE=InnoDB DEFAULT CHARSET=utf8;

-- --------------------------------------------------------

--
-- Table structure for table `koefficient`
--

CREATE TABLE IF NOT EXISTS `koefficient` (
  `id` int(2) NOT NULL AUTO_INCREMENT,
  `price` int(3) NOT NULL,
  `weight` int(3) NOT NULL,
  `weight_russia` int(11) NOT NULL DEFAULT '0',
  `weight_arm` int(3) NOT NULL,
  `delivery` int(3) NOT NULL,
  `income` int(3) NOT NULL,
  `income_arm` int(3) NOT NULL DEFAULT '0',
  `barma_discount` decimal(3,1) NOT NULL,
  `arm_discount` decimal(3,1) NOT NULL,
  `heavyBarma` tinyint(1) NOT NULL DEFAULT '0',
  `heavyRussia` tinyint(1) NOT NULL DEFAULT '0',
  `exchange_rate` decimal(10,2) NOT NULL,
  PRIMARY KEY (`id`)
) ENGINE=InnoDB  DEFAULT CHARSET=utf8 AUTO_INCREMENT=2 ;

--
-- Dumping data for table `koefficient`
--

INSERT INTO `koefficient` (`id`, `price`, `weight`, `weight_russia`, `weight_arm`, `delivery`, `income`, `income_arm`, `barma_discount`, `arm_discount`, `heavyBarma`, `heavyRussia`, `exchange_rate`) VALUES
(1, 15, 13, 4, 0, 3, 11, 5, '3.0', '0.0', 1, 0, '481.62');

-- --------------------------------------------------------

--
-- Table structure for table `orders`
--

CREATE TABLE IF NOT EXISTS `orders` (
  `id` int(11) NOT NULL AUTO_INCREMENT,
  `user_id` int(11) DEFAULT NULL,
  `username` varchar(30) NOT NULL,
  `card_id` int(11) NOT NULL,
  `transaction_id` varchar(150) DEFAULT NULL,
  `items_count` int(5) NOT NULL,
  `total_price` float(10,2) NOT NULL,
  `discount` decimal(3,1) NOT NULL,
  `rate` float(10,2) NOT NULL,
  `order_date` timestamp NOT NULL DEFAULT CURRENT_TIMESTAMP,
  `order_payed` enum('0','1') NOT NULL DEFAULT '0',
  `order_status` enum('1','2','3') NOT NULL DEFAULT '1',
  PRIMARY KEY (`id`),
  UNIQUE KEY `transaction_id` (`transaction_id`)
) ENGINE=InnoDB  DEFAULT CHARSET=utf8 AUTO_INCREMENT=1388 ;

--
-- Dumping data for table `orders`
--

INSERT INTO `orders` (`id`, `user_id`, `username`, `card_id`, `transaction_id`, `items_count`, `total_price`, `discount`, `rate`, `order_date`, `order_payed`, `order_status`) VALUES
(1298, NULL, 'guest', 0, '-11010727-6752-97-25-1428-23-9-113-61-278997_p1', 8, 346.72, '0.0', 476.86, '2015-06-10 14:15:14', '1', '3'),
(1302, NULL, 'guest', 0, '-11411757-24-1288991-4056100269-14-468875_p1', 30, 318.77, '0.0', 476.62, '2015-06-14 06:59:09', '1', '3'),
(1306, NULL, 'guest', 0, '0-33-124-714754-3756-76-9261603920-69-119_p1', 4, 29.76, '0.0', 473.42, '2015-06-20 13:27:22', '1', '3'),
(1308, NULL, 'guest', 0, '4873-42-98-96-8480437878-8810885-32-95-94_p1', 1, 96.43, '0.0', 473.42, '2015-06-21 16:09:33', '1', '3'),
(1309, NULL, 'guest', 0, '3-22-7-105-65126605947-92105-16-63-74-26-43_p1', 3, 65.76, '0.0', 473.06, '2015-06-30 09:27:12', '1', '3'),
(1310, NULL, 'guest', 0, '78105103419068-582985-102-37-89-64-12268112_p1', 1, 14.56, '0.0', 472.53, '2015-06-30 14:04:26', '1', '3'),
(1312, NULL, 'guest', 0, '334-123-118-21-62-6490-474866-15-4175-81104_p1', 1, 74.03, '0.0', 475.63, '2015-07-10 08:53:21', '1', '3'),
(1313, NULL, 'guest', 0, '-118774-6875-902934113298-21-60538-83_p1', 1, 376.74, '0.0', 476.35, '2015-07-13 05:34:56', '1', '3'),
(1315, NULL, 'guest', 0, '-8-11761-73-7249-75116-124-49888478-1958114_p1', 1, 1.67, '0.0', 477.84, '2015-07-14 12:11:08', '1', '3'),
(1320, NULL, 'guest', 0, '5148118-6-7-1091318-94-986-11727-120-79-100_p1', 1, 25.43, '0.0', 479.93, '2015-07-18 08:34:10', '1', '3'),
(1323, NULL, 'guest', 0, '42115-224952-66-64-11057-39-748471-8341-50_p1', 2, 243.53, '0.0', 480.57, '2015-07-22 08:21:17', '1', '3'),
(1324, NULL, 'guest', 0, '-35-118-6816-1244145-114-248275-375-123-1810_p1', 29, 153.73, '0.0', 480.57, '2015-07-22 10:50:11', '1', '3'),
(1326, NULL, 'guest', 0, '125-10052-93-795542-127-53294-113-122238258_p1', 2, 306.18, '0.0', 479.17, '2015-07-24 10:49:36', '1', '3'),
(1327, NULL, 'guest', 0, '107571163576-122-89109-76105-93-8586-3-17-87_p1', 6, 13.94, '0.0', 477.90, '2015-07-27 18:35:09', '1', '3'),
(1330, NULL, 'guest', 0, '-6-5001534124-28-435-128-14-10515102-57-61_p1', 1, 19.43, '0.0', 478.54, '2015-07-29 08:12:10', '1', '3'),
(1331, NULL, 'guest', 0, '-4610467-1733-114-62-30-50-4077-7990-24-8441_p1', 1, 28.94, '0.0', 478.29, '2015-07-31 11:59:34', '1', '3'),
(1332, NULL, 'guest', 0, '-1157101-38-3888-115-43-926107972-989013_p1', 1, 412.85, '0.0', 478.00, '2015-08-04 07:59:33', '1', '3'),
(1333, NULL, 'guest', 0, '12271-118123-10340-11-42-57-17-28-1519-11897_p1', 1, 48.67, '0.0', 478.00, '2015-08-04 09:38:48', '1', '3'),
(1334, NULL, 'guest', 0, '-3425-461249-9139897368-35-39-6-3457_p1', 2, 333.04, '0.0', 478.53, '2015-08-05 16:48:58', '1', '3'),
(1336, NULL, 'guest', 0, '91850-107-602722-5872-57-63-23-67508875_p1', 3, 167.71, '0.0', 478.60, '2015-08-11 11:43:17', '1', '3'),
(1337, NULL, 'guest', 0, '74-21-1248740-25-1497116-11-23-126-29307723_p1', 1, 174.19, '0.0', 478.57, '2015-08-11 18:05:56', '1', '3'),
(1340, NULL, 'guest', 0, '6364-3812455-1048586-89-117-6667-2811513-32_p1', 2, 121.40, '0.0', 478.32, '2015-08-12 13:57:36', '1', '3'),
(1341, NULL, 'guest', 0, '127-712-77777-106-87-3010192-104-535-77-68_p1', 7, 101.61, '0.0', 478.32, '2015-08-13 08:17:49', '1', '3'),
(1342, NULL, 'guest', 0, '-12-62-129715-35-11-49-5-30-5817-2662-102-110_p1', 1, 158.39, '0.0', 478.32, '2015-08-13 09:56:09', '1', '3'),
(1344, NULL, 'guest', 0, '9011699-10120-8-61-94-18-68-1877-821641-74_p1', 2, 213.21, '0.0', 478.44, '2015-08-14 05:30:51', '1', '3'),
(1345, NULL, 'guest', 0, '6-127-11185119-93-53-116930119-773283-1-19_p1', 1, 8.00, '0.0', 478.44, '2015-08-14 08:02:24', '1', '3'),
(1346, NULL, 'guest', 0, '-714021210034-1249-121-64-454-11290-8584_p1', 1, 25.37, '0.0', 478.44, '2015-08-14 08:09:53', '1', '3'),
(1347, NULL, 'guest', 0, '-11498-6-233-142892-64-67213-871249435_p1', 1, 1.44, '0.0', 478.44, '2015-08-14 08:12:22', '1', '3'),
(1349, NULL, 'guest', 0, '77-3329-247-49-555633-11710558-9227-117-29_p1', 1, 47.01, '0.0', 478.07, '2015-08-18 09:08:15', '1', '3'),
(1350, NULL, 'guest', 0, '80-11715-88-50-12010089-12912367-110110-962_p1', 1, 44.06, '0.0', 478.07, '2015-08-18 11:44:32', '1', '3'),
(1353, NULL, 'guest', 0, '703097482105-677810696-101-36-30117-122-24_p1', 1, 73.16, '0.0', 483.43, '2015-08-25 06:02:58', '1', '3'),
(1354, NULL, 'guest', 0, '76-31-12729-66109-6588-5623-4821001019165_p1', 3, 30.88, '0.0', 483.43, '2015-08-25 09:37:34', '1', '3'),
(1355, NULL, 'guest', 0, '-25-33112-90-119607212387-20-4224-6179-9175_p1', 2, 276.31, '0.0', 484.47, '2015-08-26 06:24:46', '1', '3'),
(1359, NULL, 'guest', 0, '48-120-12412053118-118-108173444-406103-45122_p1', 1, 100.04, '0.0', 483.53, '2015-08-29 13:53:57', '1', '3'),
(1360, NULL, 'guest', 0, '68-12621-102-4211025-3342081-39-119-87-12015_p1', 1, 84.87, '0.0', 485.43, '2015-09-04 14:21:50', '1', '3'),
(1361, NULL, 'guest', 0, '108-785826-111-37-303712-11580-62-70-127-102114_p1', 1, 60.93, '0.0', 485.43, '2015-09-05 05:03:36', '1', '3'),
(1362, NULL, 'guest', 0, '-115-5881-96-98-58-122-63-311-105-44-1086424-55_p1', 1, 199.86, '0.0', 485.43, '2015-09-05 10:51:18', '1', '3'),
(1363, NULL, 'guest', 0, '4357-82-845940-8111024120-11125-117-58116-128_p1', 7, 158.87, '0.0', 485.43, '2015-09-07 06:39:18', '1', '3'),
(1365, NULL, 'guest', 0, '-897310348-34-921381-128-122-33-5-88-11012748_p1', 1, 15.46, '0.0', 485.43, '2015-09-07 07:59:27', '1', '3'),
(1366, NULL, 'guest', 0, '-35112-369-2676112446511040-63-107112117-5_p1', 11, 1806.79, '0.0', 485.18, '2015-09-08 16:45:21', '1', '3'),
(1367, NULL, 'guest', 0, '-28-255125-118108671-10444-12289-55-16110101_p1', 1, 16.14, '0.0', 485.61, '2015-09-11 05:09:18', '1', '3'),
(1368, NULL, 'guest', 0, '114-101-11117-52-3287-1411119-2-4106231383_p1', 1, 24.60, '0.0', 485.08, '2015-09-12 08:13:21', '1', '3'),
(1369, NULL, 'guest', 0, '-358874-124-9248-42-4438-30-8-72-5997-117-30_p1', 20, 24.30, '0.0', 485.08, '2015-09-12 08:49:37', '1', '3'),
(1371, NULL, 'guest', 0, '467859-70-11-123-189175-24-7613-624-26-93_p1', 5, 7.40, '0.0', 485.08, '2015-09-12 09:22:00', '1', '3'),
(1372, NULL, 'guest', 0, '0-8254-11-4855-315012747806850-30-87107_p1', 4, 116.48, '0.0', 485.08, '2015-09-12 09:30:01', '1', '3'),
(1373, NULL, 'guest', 0, '-12180-524-7295125126-32-53118-12-41-125-86-94_p1', 1, 43.90, '0.0', 485.08, '2015-09-14 09:30:17', '1', '3'),
(1374, NULL, 'guest', 0, '-103-72102100-128122-60948969-32117-75-9710525_p1', 1, 65.01, '0.0', 485.08, '2015-09-15 06:57:03', '1', '3'),
(1375, NULL, 'guest', 0, '-43-105-1001194382-10257-10219-4443-67910659_p1', 1, 233.97, '0.0', 485.08, '2015-09-15 09:49:46', '1', '3'),
(1376, NULL, 'guest', 0, '62-46-114-74436623123-4512668105-104-99127-22_p1', 1, 5.83, '0.0', 485.08, '2015-09-15 09:56:44', '1', '3'),
(1377, NULL, 'guest', 0, '-94-78-4-5221-85961198414-10929-116806-71_p1', 1, 68.31, '0.0', 477.54, '2015-09-23 05:46:20', '1', '3'),
(1379, NULL, 'guest', 0, '12527-32-110-57-56-9885-118104-37-81218388-115_p1', 1, 34.84, '0.0', 475.59, '2015-09-30 09:33:04', '1', '3'),
(1381, NULL, 'guest', 0, '4420-60-116-974672-44-9-209583-109-75106-86_p1', 2, 233.11, '0.0', 472.85, '2015-10-02 06:09:08', '1', '3'),
(1383, NULL, 'guest', 0, '-22274122289162-1-698210211611110629-103_p1', 4, 12.08, '0.0', 473.81, '2015-10-05 12:14:39', '1', '2'),
(1384, NULL, 'guest', 0, '109-98-15-11-72311107-17911189-102-113-8416_p1', 2, 87.54, '0.0', 473.45, '2015-10-07 11:11:31', '1', '2'),
(1385, NULL, 'guest', 0, '8-3756312733102-124-12460946639-4057-96_p1', 1, 13.74, '0.0', 472.37, '2015-10-08 06:33:51', '0', '2'),
(1386, NULL, 'guest', 0, '69-61-75122-2-101-63-119-107-51-1115-88108-989_p1', 1, 103.34, '0.0', 472.37, '2015-10-08 12:20:19', '0', '2'),
(1387, NULL, 'guest', 0, '-95-4676-81-26-120-97412342-938550-36-7371_p1', 1, 4.52, '0.0', 473.08, '2015-10-10 07:47:21', '0', '2');

-- --------------------------------------------------------

--
-- Table structure for table `order_details`
--

CREATE TABLE IF NOT EXISTS `order_details` (
  `id` int(11) NOT NULL AUTO_INCREMENT,
  `order_id` int(11) NOT NULL,
  `f_name` varchar(20) NOT NULL,
  `l_name` varchar(30) NOT NULL,
  `email` varchar(50) NOT NULL,
  `phone` varchar(30) NOT NULL,
  `address` varchar(100) NOT NULL,
  `created_at` timestamp NOT NULL DEFAULT CURRENT_TIMESTAMP,
  PRIMARY KEY (`id`)
) ENGINE=InnoDB  DEFAULT CHARSET=utf8 AUTO_INCREMENT=90 ;

--
-- Dumping data for table `order_details`
--

INSERT INTO `order_details` (`id`, `order_id`, `f_name`, `l_name`, `email`, `phone`, `address`, `created_at`) VALUES
(1, 1298, 'erfghf', 'fghfgh', '', '093070088', 'ayntap', '2015-06-10 14:15:14'),
(5, 1302, 'hovhannes', 'hambardzumyan', '', '093331265', 'noragavit', '2015-06-14 06:59:09'),
(9, 1306, 'Aramayis', 'Araqelyan', '', '094784419', 'dalma', '2015-06-20 13:27:22'),
(11, 1308, 'Sargis', 'Khachatryan', '', '099222245', 'tichina', '2015-06-21 16:09:33'),
(12, 1309, 'Aramayis', 'Araqelyan', '', '094784419', 'dalma', '2015-06-30 09:27:12'),
(13, 1310, 'Aramayis', 'Araqelyan', '', '094784419', 'dalma', '2015-06-30 14:04:26'),
(15, 1312, 'narek', 'kapan', '', '098888688', 'kapan', '2015-07-10 08:53:21'),
(16, 1313, 'abo', 'gasparyan', '', '093070088', 'ayntap siti', '2015-07-13 05:34:56'),
(18, 1315, 'Ando', 'hovhannisyan', '', '077444842', 'noragavit', '2015-07-14 12:11:08'),
(22, 1320, 'David', 'Sargsyan', 'info@it-spark.am', '055736173', 'Yerevan', '2015-07-18 08:34:10'),
(25, 1323, 'Lyova', 'Kapan', '', '093407523', 'Kapan', '2015-07-22 08:21:17'),
(26, 1324, 'Davit', 'Karapetyan', '', '098176076', 'Ararat', '2015-07-22 10:50:11'),
(28, 1326, 'Lyova', 'kapan', '', '093407523', 'kapan', '2015-07-24 10:49:36'),
(29, 1327, 'Karen', 'Karen', '', '091418802', 'yerevan', '2015-07-27 18:35:09'),
(32, 1330, 'Ashot', 'Yaxanyan', '', '093252299', 'zeytun', '2015-07-29 08:12:10'),
(33, 1331, 'Lyova', 'Laurik', '', '091275170', 'komitas', '2015-07-31 11:59:34'),
(34, 1332, 'Armen', 'Armen', '', '094008792', 'Masiv', '2015-08-04 07:59:33'),
(35, 1333, 'Saqo', 'Harut', '', '093817706', 'Shinararner', '2015-08-04 09:38:48'),
(36, 1334, 'Haykaz', 'Haykaz', '', '043776646', '3 mas', '2015-08-05 16:48:58'),
(38, 1336, 'Garnik', 'garnik', '', '094406399', 'Masis', '2015-08-11 11:43:17'),
(39, 1337, 'Hrant', 'Hrant', '', '091353530', 'kvartal', '2015-08-11 18:05:56'),
(42, 1340, 'Hrant', 'Chiko', '', '091353530', 'kvartal', '2015-08-12 13:57:37'),
(43, 1341, 'Arman', 'Galstyan', '', '077656492', '4-rd gyux', '2015-08-13 08:17:49'),
(44, 1342, 'Vardan', 'Avagayn', 'vardan.avagyan@yahoo.com', '093210810', 'Svatchyan 34, apt 1', '2015-08-13 09:56:09'),
(46, 1344, 'Meliq', 'Antonyan', '', '099982000', 'Nar dos', '2015-08-14 05:30:51'),
(47, 1345, 'Vardan', 'Gharadaxyan', '', '093803373', 'Eghegnadzor', '2015-08-14 08:02:24'),
(48, 1346, 'Aram', 'Gharibyan', '', '093003020', 'komitas', '2015-08-14 08:09:53'),
(49, 1347, 'vardan', 'avagyan', '', '093210810', 'Svatchyan 34, ', '2015-08-14 08:12:22'),
(51, 1349, 'Hayk', 'ajaryan', '', '077282202', 'shahumyan', '2015-08-18 09:08:15'),
(52, 1350, 'harut', 'saringulyan', '', '099016886', 'sayat-nova', '2015-08-18 11:44:32'),
(55, 1353, 'Miqael', 'Miqael', '', '099262928', 'komitas', '2015-08-25 06:02:58'),
(56, 1354, 'Miqael', 'Miqael', '', '099262928', 'komitas', '2015-08-25 09:37:34'),
(57, 1355, 'Meliq', 'Antonyan', '', '099982000', 'Nardos', '2015-08-26 06:24:46'),
(61, 1359, 'Narek', 'narek', '', '098888688', 'kapan', '2015-08-29 13:53:57'),
(62, 1360, 'Abo', 'Gocor', '', '095322009', 'Avan', '2015-09-04 14:21:50'),
(63, 1361, 'Mnac', 'Muradyan', '', '094904008', 'Bagratunyac 13', '2015-09-05 05:03:36'),
(64, 1362, 'Manvel', 'nersisyan', '', '094307657', 'bangladesh', '2015-09-05 10:51:18'),
(65, 1363, 'Garnik', 'Garnik', '', '094406399', 'Masis', '2015-09-07 06:39:18'),
(67, 1365, 'Mnac', 'Muradyan', '', '094904008', 'Bagratunyac 13', '2015-09-07 07:59:27'),
(68, 1366, 'Artur', 'Harkayin', '', '043111000', 'mi tex', '2015-09-08 16:45:21'),
(69, 1367, 'Artur', 'Hakobyan', '', '098906000', 'masiv', '2015-09-11 05:09:18'),
(70, 1368, 'Tigran', 'Asoyan', '', '091401060', 'Zaqyan', '2015-09-12 08:13:21'),
(71, 1369, 'Artyom', 'Sahakyan', '', '055887771', 'Krivo', '2015-09-12 08:49:37'),
(73, 1371, 'Artyom', 'Sahakyan', '', '055887771', 'Krivo', '2015-09-12 09:22:01'),
(74, 1372, 'Garnik', 'Garnik', '', '094406399', 'Masis', '2015-09-12 09:30:01'),
(75, 1373, 'Lyova', 'Kapan', '', '093407523', 'kapan', '2015-09-14 09:30:17'),
(76, 1374, 'garnik', 'dzyaja', '', '094406399', 'masis', '2015-09-15 06:57:03'),
(77, 1375, 'Artur', 'harkayin', '', '043111000', 'komitas', '2015-09-15 09:49:46'),
(78, 1376, 'eduard', 'poghosyan', '', '095077071', 'qaxaq erevan', '2015-09-15 09:56:44'),
(79, 1377, 'Lyova', 'kapan', '', '091407523', 'kapan', '2015-09-23 05:46:20'),
(81, 1379, 'Samvel', 'Samvel', '', '093777111', 'komitas', '2015-09-30 09:33:04'),
(83, 1381, 'Lyova', 'lyov', '', '091407523', 'kapan', '2015-10-02 06:09:08'),
(85, 1383, 'Ashot', 'Tumanyan', 'ashott@rambler.ru', '093910020', 'Gyumri , Shahinyan 6 shenq,  bnakaran 15', '2015-10-05 12:14:39'),
(86, 1384, 'prado', 'parktronik', '', '055558173', 'yerevan', '2015-10-07 11:11:31'),
(87, 1385, 'karen', 'lexusgx', '', '091418802', 'erevan', '2015-10-08 06:33:51'),
(88, 1386, 'Samvel', 'Narek', '', '099236330', 'Stepanavan', '2015-10-08 12:20:19'),
(89, 1387, 'KEKE', 'Karen', '', '077260503', 'kentron', '2015-10-10 07:47:22');

-- --------------------------------------------------------

--
-- Table structure for table `order_items`
--

CREATE TABLE IF NOT EXISTS `order_items` (
  `id` int(11) NOT NULL AUTO_INCREMENT,
  `order_id` int(11) NOT NULL,
  `part_number` varchar(255) NOT NULL,
  `description` varchar(255) NOT NULL,
  `part_maker` varchar(255) NOT NULL,
  `from` varchar(255) NOT NULL,
  `price` float(10,2) NOT NULL,
  `first_price` float(10,2) NOT NULL,
  `discount` decimal(3,1) NOT NULL DEFAULT '0.0',
  `count` int(5) NOT NULL,
  `status` enum('Ok','Failed') NOT NULL DEFAULT 'Failed',
  PRIMARY KEY (`id`)
) ENGINE=InnoDB  DEFAULT CHARSET=utf8 AUTO_INCREMENT=167 ;

--
-- Dumping data for table `order_items`
--

INSERT INTO `order_items` (`id`, `order_id`, `part_number`, `description`, `part_maker`, `from`, `price`, `first_price`, `discount`, `count`, `status`) VALUES
(1, 1298, '0446535290', 'BRAKE PADS', 'GAP', '1', 43.34, 13.35, '0.0', 8, 'Ok'),
(6, 1302, '132708H301', 'GASKET-ROCKER', 'NISSAN', '3', 6.45, 4.98, '0.0', 1, 'Ok'),
(7, 1302, '110446N202', 'GASKET-CYLINDER', 'NISSAN', '3', 18.17, 14.27, '0.0', 1, 'Ok'),
(8, 1302, '1320784a00', 'КОЛПАЧОК МАСЛОСЪЕМНЫЙ', 'Nissan', 'Россия', 2.17, 1.81, '0.0', 15, 'Ok'),
(9, 1302, '1320784a00', 'КОЛПАЧОК МАСЛОСЪЕМНЫЙ', 'Nissan', 'Россия', 2.36, 1.98, '0.0', 1, 'Ok'),
(10, 1302, '2151599ras', 'Габарит R', 'Depo', 'Россия', 20.82, 15.34, '0.0', 1, 'Ok'),
(11, 1302, '150416N215', 'CHAIN-BALBANCER', 'NISSAN', '3', 14.38, 10.63, '0.0', 1, 'Ok'),
(12, 1302, '497636N20A', 'SENSOR ASSY-PRE', 'NISSAN', '1', 59.92, 52.72, '0.0', 1, 'Ok'),
(13, 1302, '130706N21A', 'TENSION CHAIN', 'NISSAN', '3', 18.98, 15.65, '0.0', 1, 'Ok'),
(14, 1302, '130286N200', 'CHAIN CAM SHAFT', 'NISSAN', '3', 66.09, 54.07, '0.0', 1, 'Ok'),
(15, 1302, '130856N200', 'GUIDE CHAIN', 'NISSAN', '3', 9.21, 6.01, '0.0', 1, 'Ok'),
(16, 1302, '130916N20A', 'GUIDE-CHAIN SLA', 'NISSAN', '3', 8.56, 6.08, '0.0', 1, 'Ok'),
(17, 1302, '120338H301', 'RING SET PISTON', 'NISSAN', '1', 48.68, 42.29, '0.0', 1, 'Ok'),
(18, 1302, '12111MA00A', 'BUSH CON ROD', 'NISSAN', '3', 3.15, 2.55, '0.0', 4, 'Ok'),
(29, 1306, '0423-008', 'REAR STABILIZER LINK', 'Febest', '1', 11.08, 5.99, '0.0', 2, 'Ok'),
(30, 1306, 'MR455699', 'BUSHING,FR SUSP STAB', 'MITSUBISHI', '7', 3.80, 2.74, '0.0', 2, 'Ok'),
(32, 1308, 'GJY0-39-060D', 'RUBBER NO.3,ENG.MTG.', 'MAZDA', '4', 96.43, 62.57, '0.0', 1, 'Ok'),
(33, 1309, 'MR319786', 'DAMPER,FR SUSP STRUT', 'MITSUBISHI', '7', 9.21, 6.26, '0.0', 2, 'Ok'),
(34, 1309, 'MR519097', 'BEARING,FR WHEEL HUB', 'MITSUBISHI', '7', 47.34, 33.17, '0.0', 1, 'Ok'),
(35, 1310, 'dcf423p', 'Салонный фильтр Mitsubishi (206x100x37мм)', 'Denso', 'Россия', 14.56, 12.16, '0.0', 1, 'Ok'),
(38, 1312, '90369-T0003', 'BEARING', 'TOYOTA', '43', 74.03, 37.82, '0.0', 1, 'Ok'),
(39, 1313, '826693', 'Комплект сцепления Ford Transit 2.3 00-06', 'Valeo', 'Россия', 376.74, 264.49, '0.0', 1, 'Ok'),
(42, 1315, 'md184303', 'САЛЬНИК ШТОКА ВПУСКНОГО КЛАПАНА', 'Mitsubishi', 'Россия', 1.67, 1.45, '0.0', 1, 'Ok'),
(46, 1320, 'bn8v72661a', 'Стекло двери M3 SD задн. прав.', 'Mazda', 'Россия', 25.43, 16.41, '0.0', 1, 'Ok'),
(49, 1323, '16361-50110', 'FAN', 'TOYOTA', 'OAЭ', 76.20, 57.34, '0.0', 1, 'Ok'),
(50, 1323, '16210-50102', 'COUPLING ASSY  FLUID', 'TOYOTA', '2', 167.33, 121.52, '0.0', 1, 'Ok'),
(51, 1324, '2231138400', 'GASKET-CYLINDER HEAD', 'Hyundai', '2', 28.36, 24.38, '0.0', 1, 'Ok'),
(52, 1324, '2244138010', 'GASKET-ROCKER COVER', 'Hyundai', '2', 10.68, 8.84, '0.0', 1, 'Ok'),
(53, 1324, '2461033050', 'ГИДРОКОМПЕНСАТОР', 'Hyundai-Kia', 'Россия', 6.63, 5.71, '0.0', 2, 'Ok'),
(54, 1324, '2221133000', 'VALVE-INTAKE', 'Hyundai', '2', 6.72, 5.34, '0.0', 4, 'Ok'),
(55, 1324, '2221233000', 'Клапан выпускной соната                           ', 'Hyundai-Kia', 'Россия', 6.45, 3.47, '0.0', 4, 'Ok'),
(56, 1324, '2211533010', 'GUIDE-EXHAUST VALVE', 'Hyundai', '2', 2.16, 1.58, '0.0', 8, 'Ok'),
(57, 1324, '2211433010', 'GUIDE-INTAKE VALVE', 'Hyundai', '2', 2.13, 1.58, '0.0', 8, 'Ok'),
(58, 1324, '2335638020', 'РЕМЕНЬ ГРМ', 'Hyundai-Kia', 'Россия', 14.43, 11.70, '0.0', 1, 'Ok'),
(61, 1326, '89407-60022', 'SENSOR SUB-ASSY', 'TOYOTA', '1', 153.09, 133.81, '0.0', 1, 'Ok'),
(62, 1326, '89408-60011', 'SENSOR SUB-ASSY', 'TOYOTA', '1', 153.09, 133.81, '0.0', 1, 'Ok'),
(63, 1327, '47744-60010', 'SHIM  ANTI SQUEAL', 'TOYOTA', '1', 2.64, 2.27, '0.0', 4, 'Ok'),
(64, 1327, '47771-22030', 'PLATE', 'TOYOTA', '1', 1.69, 1.50, '0.0', 2, 'Ok'),
(67, 1330, '72910-T0G-A01', 'MOLDING ASSY., R. RR', 'HONDA', '1', 19.43, 12.20, '0.0', 1, 'Ok'),
(68, 1331, '876233S000', 'LAMP ASSY-OUTSIDE MIRROR,RH', 'Hyundai', '2', 28.94, 25.42, '0.0', 1, 'Ok'),
(69, 1332, '31360-12030', 'ACTUATOR ASSY', 'TOYOTA', 'OAЭ', 412.85, 340.53, '0.0', 1, 'Ok'),
(70, 1333, '90369-45003', 'BEARING', 'TOYOTA', 'OAЭ', 48.67, 30.85, '0.0', 1, 'Ok'),
(71, 1334, '4853080341', 'АМОРТИЗАТОР /ABSORBER ASSY,', 'Toyota', 'Россия', 166.52, 111.38, '0.0', 2, 'Ok'),
(74, 1336, '48820-33040', 'LINK ASSY, FR', 'TOYOTA', 'OAЭ', 32.24, 25.68, '0.0', 2, 'Ok'),
(75, 1336, '84306-48030', 'CABLE SUB-ASSY,', 'TOYOTA', '1', 103.23, 90.25, '0.0', 1, 'Ok'),
(76, 1337, '272251EA0A', 'MOTOR ASSY', 'NISSAN', '3', 174.19, 137.07, '0.0', 1, 'Ok'),
(80, 1340, '41060CA093', 'PAD KIT-DISC', 'NISSAN', '2', 76.10, 44.42, '0.0', 1, 'Ok'),
(81, 1340, '44060EG085', 'PAD KIT-DISC', 'NISSAN', '3', 45.30, 30.05, '0.0', 1, 'Ok'),
(82, 1341, '90311-38047', 'SEAL, TYPE T OI', 'TOYOTA', 'OAЭ', 4.07, 3.02, '0.0', 1, 'Ok'),
(83, 1341, '04421-30031', 'BEARING KIT RR', 'TOYOTA', '43', 42.22, 28.73, '0.0', 2, 'Ok'),
(84, 1341, '90311-52059', 'Сальник', 'TOYOTA', '1', 4.49, 3.36, '0.0', 2, 'Ok'),
(85, 1341, '90312-35002', 'SEAL, TYPE V OI', 'TOYOTA', '43', 2.06, 1.71, '0.0', 2, 'Ok'),
(86, 1342, '38616-RZA-A01', 'MOTOR, COOLING FAN', 'HONDA', '1', 158.39, 131.41, '0.0', 1, 'Ok'),
(88, 1344, '32411003', 'Радиатор сист. охл. Sakura 3241-1003', 'Sakura', 'Россия', 169.59, 99.42, '0.0', 1, 'Ok'),
(89, 1344, '8171066800', '', 'Isuzu', 'Россия', 43.62, 38.41, '0.0', 1, 'Ok'),
(90, 1345, '70148', 'Датчик давления масла FORD: COUGAR (EC_) 2.5 ST 200/2.5 V6 24V 98-01, ESCAPE 3.0 24V/3.0 V6 24V 01-,', 'Facet', 'Россия', 8.00, 6.49, '0.0', 1, 'Ok'),
(91, 1346, '165780W001', 'HOSE AIR DUCT', 'NISSAN', '2', 25.37, 19.66, '0.0', 1, 'Ok'),
(92, 1347, '91604-S5A-003', 'GROMMET, HOOD STAY', 'HONDA', '1', 1.44, 1.27, '0.0', 1, 'Ok'),
(94, 1349, '3322050g02', 'ДАТЧИК РАСПРЕДВАЛА', 'Suzuki', 'Россия', 47.01, 41.73, '0.0', 1, 'Ok'),
(95, 1350, '850749W50A', 'MOUL RR BUMPER', 'NISSAN', '1', 44.06, 37.65, '0.0', 1, 'Ok'),
(98, 1353, '265553AR0A', 'LAMP ASSY-REAR COMBINATION,LH', 'NISSAN', '3', 73.16, 49.07, '0.0', 1, 'Ok'),
(99, 1354, '622243BG0A', 'BRACKET-FRONT BUMPER SIDE,RH', 'NISSAN', '3', 6.12, 4.68, '0.0', 1, 'Ok'),
(100, 1354, '852213BG0A', 'BRACKET-REAR BUMPER SIDE,LH', 'NISSAN', '3', 13.09, 10.39, '0.0', 1, 'Ok'),
(101, 1354, '852213BG0B', 'BRACKET-REAR BUMPER SIDE,LH', 'NISSAN', '2', 11.67, 9.64, '0.0', 1, 'Ok'),
(102, 1355, '8972095530', 'Автозапчасть / Радиатор охлаждения', 'Termal', 'Россия', 205.15, 131.17, '0.0', 1, 'Ok'),
(103, 1355, '8171126480', 'VALVE ASM; CONT', 'Isuzu', '2', 71.16, 60.94, '0.0', 1, 'Ok'),
(111, 1359, '89465-60150', 'SENSOR OXYGEN', 'TOYOTA', '1', 100.04, 88.58, '0.0', 1, 'Ok'),
(112, 1360, '89615-12090', 'SENSOR KNOCK', 'TOYOTA', '1', 84.87, 75.82, '0.0', 1, 'Ok'),
(113, 1361, '9722122001', 'Радиатор печки', 'Hyundai-Kia', 'Россия', 60.93, 50.17, '0.0', 1, 'Ok'),
(114, 1362, '52119-06975', 'COVER FR BUMPER', 'TOYOTA', '2', 199.86, 124.02, '0.0', 1, 'Ok'),
(115, 1363, '0446612130', 'Колодки тормозные, комплект', 'Toyota', 'Россия', 41.34, 31.57, '0.0', 1, 'Ok'),
(116, 1363, '178010t030', 'Фильтр воздушный', 'Toyota', 'Россия', 27.42, 18.30, '0.0', 1, 'Ok'),
(117, 1363, '9091901253', 'Свеча зажигания', 'Toyota', 'Россия', 9.62, 8.33, '0.0', 4, 'Ok'),
(118, 1363, '0446502220', 'КОЛОДКИ ТОРМОЗНЫЕ', 'Toyota', 'Россия', 51.63, 35.71, '0.0', 1, 'Ok'),
(120, 1365, '8760722101', 'Стекло зеркала лев.', 'Hyundai-Kia', 'Россия', 15.46, 13.05, '0.0', 1, 'Ok'),
(121, 1366, '43330-39845', 'JOINT ASSY LWR', 'TOYOTA', 'OAЭ', 47.10, 39.62, '0.0', 1, 'Ok'),
(122, 1366, '48068-33080', 'ARM SUB-ASSY', 'TOYOTA', '1', 143.53, 83.68, '0.0', 1, 'Ok'),
(123, 1366, '85355-33160', 'JAR HEADLAMP', 'TOYOTA', '1', 59.40, 45.38, '0.0', 1, 'Ok'),
(124, 1366, '53875-33200', 'LINER FR FENDER RH', 'TOYOTA', '1', 68.78, 51.82, '0.0', 1, 'Ok'),
(125, 1366, '53811-33230', 'PANEL FR FENDER RH', 'TOYOTA', '1', 259.37, 184.79, '0.0', 1, 'Ok'),
(126, 1366, '85353-33010-C1', 'COVER, HEADLAMP', 'TOYOTA', '2', 4.70, 4.10, '0.0', 1, 'Ok'),
(127, 1366, '85207-33090', 'ACTUATOR SUB-ASSY', 'TOYOTA', '1', 127.64, 113.74, '0.0', 1, 'Ok'),
(128, 1366, '9098120024', 'Лампа ксенон( xenon) газоразрядная D4S 12V 35W    ', 'Toyota', 'Россия', 47.45, 42.48, '0.0', 1, 'Ok'),
(129, 1366, '81145-33B60', 'UNIT HEADLAMP', 'TOYOTA', '1', 746.30, 607.11, '0.0', 1, 'Ok'),
(130, 1366, '52145-33060', 'STAY FR BUMPER', 'TOYOTA', '1', 15.15, 12.22, '0.0', 1, 'Ok'),
(131, 1366, '52119-33998', 'COVER FR BUMPER', 'TOYOTA', '2', 287.37, 201.69, '0.0', 1, 'Ok'),
(132, 1367, 'MN161053XA', 'GARNISH,FR BUMPER,LH', 'MITSUBISHI', '7', 16.14, 12.33, '0.0', 1, 'Ok'),
(133, 1368, 'm11420', 'ОПОРА ДВИГАТЕЛЯ ЗАДНЯЯ L200 K11,K12,K14,K15,K05T', 'Rbi', 'Россия', 24.60, 12.56, '0.0', 1, 'Ok'),
(134, 1369, '4322241B00', 'BOLT-HUB', 'NISSAN', '3', 1.14, 0.51, '0.0', 10, 'Ok'),
(135, 1369, '4322270T00', 'BOLT-HUB', 'NISSAN', '3', 1.29, 0.51, '0.0', 10, 'Ok'),
(140, 1371, '40224V5510', 'NUT-ROAD WHEEL', 'NISSAN', '3', 1.48, 0.81, '0.0', 5, 'Ok'),
(141, 1372, '0446633180', 'Колодки тормозные', 'Toyota', 'Россия', 35.94, 25.51, '0.0', 1, 'Ok'),
(142, 1372, '0446533450', 'Колодки тормозные', 'Toyota', 'Россия', 59.52, 38.26, '0.0', 1, 'Ok'),
(143, 1372, '1780128030', 'фильтр (Фильтр воздушный)                         ', 'Toyota', 'Россия', 9.82, 7.29, '0.0', 1, 'Ok'),
(144, 1372, '8713930040', 'Фильтр', 'Toyota', 'Россия', 11.20, 9.19, '0.0', 1, 'Ok'),
(145, 1373, '219303k050', 'Опора двигателя', 'Hyundai-Kia', 'Россия', 43.90, 23.87, '0.0', 1, 'Ok'),
(146, 1374, '04495-52120', 'SHOE KIT BRAKE RR', 'TOYOTA', '2', 65.01, 32.57, '0.0', 1, 'Ok'),
(147, 1375, '48510-80676', 'ABSORBER SET SHOCK', 'TOYOTA', '1', 233.97, 142.94, '0.0', 1, 'Ok'),
(148, 1376, '2171290J00', 'CAP TANK RESERV', 'NISSAN', '2', 5.83, 3.95, '0.0', 1, 'Ok'),
(149, 1377, '218103k000', 'Опора двигателя', 'Hyundai-Kia', 'Россия', 68.31, 53.56, '0.0', 1, 'Ok'),
(151, 1379, '87931-28A71', 'MIRROR OUTER', 'TOYOTA', '1', 34.84, 28.62, '0.0', 1, 'Ok'),
(158, 1381, '90975-02076', 'EMBLEM SYMBOL', 'TOYOTA', '1', 17.08, 14.59, '0.0', 1, 'Ok'),
(159, 1381, '53101-60360', 'GRILLE SUB-ASSY', 'TOYOTA', '1', 216.03, 155.18, '0.0', 1, 'Ok'),
(161, 1383, '224018H515', 'PLUG-SPARK', 'NISSAN', '3', 3.02, 2.05, '0.0', 4, 'Ok'),
(162, 1384, '8934133210C0', 'SENSOR ULTRASONIC', 'TOYOTA', '1', 85.74, 76.19, '0.0', 1, 'Ok'),
(163, 1384, '89348-33100-C0', 'RETAINER ULTRASONIC', 'TOYOTA', '1', 1.80, 1.54, '0.0', 1, 'Ok'),
(164, 1385, '83852-6D040', 'GLASS COMBINATION', 'TOYOTA', '1', 13.74, 10.43, '0.0', 1, 'Ok'),
(165, 1386, '89467-33090', 'SENSOR AIR FUEL', 'TOYOTA', '1', 103.34, 91.45, '0.0', 1, 'Ok'),
(166, 1387, '63485-60080', 'CUSHION  ROOF RACK', 'TOYOTA', '1', 4.52, 3.73, '0.0', 1, 'Ok');

-- --------------------------------------------------------

--
-- Table structure for table `shops`
--

CREATE TABLE IF NOT EXISTS `shops` (
  `id` int(11) NOT NULL AUTO_INCREMENT,
  `shop` varchar(255) NOT NULL,
  PRIMARY KEY (`id`)
) ENGINE=InnoDB  DEFAULT CHARSET=utf8 AUTO_INCREMENT=3 ;

--
-- Dumping data for table `shops`
--

INSERT INTO `shops` (`id`, `shop`) VALUES
(1, 'arsen teci krug 093681470'),
(2, 'Armen Samo Atoyan poxoc 043411717');

-- --------------------------------------------------------

--
-- Table structure for table `users`
--

CREATE TABLE IF NOT EXISTS `users` (
  `id` int(11) NOT NULL AUTO_INCREMENT,
  `f_name` varchar(20) NOT NULL,
  `l_name` varchar(30) NOT NULL,
  `email` varchar(50) NOT NULL,
  `phone` varchar(30) NOT NULL,
  `address` varchar(100) NOT NULL,
  `password` varchar(50) NOT NULL,
  `is_active` tinyint(4) NOT NULL DEFAULT '0',
  `created_at` timestamp NOT NULL DEFAULT CURRENT_TIMESTAMP,
  `last_login` timestamp NOT NULL DEFAULT '0000-00-00 00:00:00',
  `last_recover` timestamp NULL DEFAULT NULL,
  PRIMARY KEY (`id`)
) ENGINE=InnoDB  DEFAULT CHARSET=utf8 AUTO_INCREMENT=35 ;

--
-- Dumping data for table `users`
--

INSERT INTO `users` (`id`, `f_name`, `l_name`, `email`, `phone`, `address`, `password`, `is_active`, `created_at`, `last_login`, `last_recover`) VALUES
(1, 'Mushegh', 'Hambardzumyan', '', '091740745', 'noragavit', 'cf59ae2a013f2c03839693c468faf8bf', 1, '2015-06-19 18:34:44', '2015-07-19 11:19:20', NULL),
(2, 'ARSEN', 'HAKOBYAN', '', '093681470', 'BAGRATUNYAC 81 TECI KRUG', 'c3dc245d57645b65c2c5c792a3ed820f', 1, '2015-06-28 07:52:40', '0000-00-00 00:00:00', NULL),
(3, 'ARMAN', 'XACHIKYAN', 'armannewmail@mail.ru', '098951525', 'ASHTARAK', '0f25c341b1e367bd6c7909248da0ea2d', 1, '2015-07-18 07:44:11', '2015-09-01 09:52:20', NULL),
(4, 'Gagik', 'Torosyan', 'tgagik@yahoo.com', '055666955', 'yerevan', '9375dde751b217ab54747c23ce4de190', 1, '2015-07-20 11:08:54', '0000-00-00 00:00:00', '2015-08-18 06:51:31'),
(5, 'Bahgdasar', 'Sevoyan', 'sevojan@list.ru', '098216215', 'Shirak, Mec Mantash', 'f32017524f936fbc45a603c14ec41ba7', 1, '2015-07-20 11:13:22', '2015-07-20 11:38:58', '2015-08-18 06:51:06'),
(6, 'Narek', 'Gasparyan', 'narekgasparyan88@rambler.ru', '094850588', 'davit malyan nrb 4sh 16bn', '3eb6528c041e399b7c36995de3d36f86', 1, '2015-07-24 09:26:34', '2015-07-24 09:59:54', NULL),
(7, 'Sanasar', 'Martirosyan', 'xumhar@mail.ru', '094283314', 'Yerevan, N.Norq,2-rd zangvac,D.Malyan', '990d8b151457bdc2d7c10d78cc042318', 1, '2015-07-25 14:47:05', '2015-07-25 14:53:45', NULL),
(8, 'Tigran', 'Mkrtchyan', 'agasttiko@gmail.com', '093090920', 'Avanesovi  8 shenq 2 bnakaran', '57c34ebbd10ac0adaf1979bfe6a6f5ac', 1, '2015-07-26 16:54:30', '0000-00-00 00:00:00', '2015-08-18 06:50:14'),
(9, 'artur', 'sargsyan', 'sart52522@yandex.ru', '094525555', 'erevan rubinyanc 16 23', 'a24533325bc70dfc7dc9baed1bd8acbe', 1, '2015-07-27 18:51:11', '0000-00-00 00:00:00', NULL),
(10, 'Aramayis', 'Arakelyan', 'aramayis.arakelyan88@gmail.com', '094784419', '-----', '5d9efcfd961cfb9c25e5455dd0ef53c1', 1, '2015-08-04 13:42:34', '2015-08-04 16:14:58', NULL),
(11, 'Garnik', 'Hakobyan', 'hgrno@yahoo.com', '094610805', 'Yerevan Avan14 ', 'ac53d0ab31ba35ba7002ac821a815616', 1, '2015-08-10 11:59:18', '2015-08-21 01:59:56', NULL),
(12, 'Vache', 'Vardanyan', 'vvache@gmail.com', '091010071', '26, Lepsius 1 str. Yerevan', 'c327d2188da5a63e0f06bdb320889453', 1, '2015-08-12 05:47:07', '0000-00-00 00:00:00', '2015-08-18 06:49:41'),
(13, 'gegam', 'yengibaryan', 'GEGH707@yahoo.com', '091464575', 'saryan20-1', 'c24539f26c60a8509747f30c3d4a761c', 1, '2015-08-12 17:17:00', '0000-00-00 00:00:00', NULL),
(14, 'Derenik', 'Beglaryan', 'derenik.beglaryan@mail.ru', '077126617', 'armavir', '866a284acd9488e8425a70be2e669e41', 1, '2015-08-14 11:21:55', '2015-08-14 11:38:28', NULL),
(15, 'Hakob', 'Vardanyan', 'haki-10@mail.ru', '099198032', 'babajanyan159', '458bd8795ca2f28ee528e330c996db36', 1, '2015-08-14 19:39:10', '0000-00-00 00:00:00', '2015-08-18 06:49:13'),
(16, 'Suren', 'Khudoyan', '', '091979498', 'Noragavit', '3b23e1f7ddba2e4f614b3594705329c2', 1, '2015-08-17 06:55:05', '2015-08-27 17:14:09', '2015-08-17 18:58:42'),
(17, 'Artur', 'Hovhannisyan', 'surenkhudoyan@mail.ru', '091101483', 'Noragavit', '0bd3a05028936e2fe1a223605b6a9b6d', 1, '2015-08-17 06:59:20', '2015-08-17 06:59:48', '2015-08-17 19:00:06'),
(18, 'Artak', 'Amirkhanyan', 'artamirkhanyan@gmail.com', '055981589', 'Bashinjaghyan 133', 'a57201ca43a2317913b236c01c2a0cb6', 1, '2015-08-17 10:12:31', '2015-08-17 10:13:16', '2015-08-17 10:31:39'),
(19, 'armen', 'harutyunyan', 'robertovich74@mail.ru', '093742242', 'bashinjagyan 194', '95a8914e80e3fe10db6bbcb0d5e70cfd', 1, '2015-08-17 10:36:24', '0000-00-00 00:00:00', NULL),
(20, 'Masis', 'Sargsyan', 'sarmaskaj@mail.ru', '098155172', 'kajaran, gay 6-8', 'e9114200b6a24baa006cf323e2cb6093', 1, '2015-08-17 19:12:04', '0000-00-00 00:00:00', '2015-08-18 06:48:38'),
(21, 'Hayk', 'Tigranyan', 'hayktigr@gmail.com', '099411103', 'Yerevan', '031fb0e1a484f337e44fa9f61055b8c7', 1, '2015-08-18 15:43:53', '2015-08-18 15:50:22', '2015-08-24 09:16:27'),
(22, 'ARMEN', 'TUNYANTS', 'TUNYANTSARMEN@GMAIL.COM', '093111717', 'ARCAX 12 A BN 24', '7afb4508ae614d302dbf38a53ddf3ce8', 1, '2015-08-24 09:02:23', '0000-00-00 00:00:00', '2015-08-24 09:16:03'),
(23, 'garnik', 'hairapetyan', 'garniky81@mail.ru', '091910791', 'shirazi 42-18', 'b8cf208ab2bacbacb3458194e1801d63', 1, '2015-08-24 12:41:39', '0000-00-00 00:00:00', '2015-08-24 14:43:08'),
(24, 'Mnats', 'Muradyan', 'mmnac1@gmail.com', '094904008', 'Bagratunyats 13 st. 106 apt.', 'ab43004a340d34b65230db9df9426967', 1, '2015-09-05 06:41:34', '2015-09-07 07:15:36', '2015-09-05 06:43:10'),
(25, 'hayk', 'HAKOBYAN', '868800@mail.ru', '094868800', '16 TAX 20SH.78BN.', '6dd8fede5547ae87435734360d69d2c3', 0, '2015-09-07 14:20:38', '2015-09-07 14:22:38', '2015-09-07 14:21:43'),
(26, 'Artyom', 'Simonyan', 'artyomsimonyan13@mail.ru', '098782111', 'Vayoc Dzor ,Areni', 'eb76ff8f9422f5c5e76aed1a3058c970', 1, '2015-09-07 14:33:37', '2015-09-07 14:36:07', '2015-09-08 10:49:50'),
(27, 'ARAM', 'ARAMYAN', 'armen-avetisyan-88@mail.ru', '077144407', 'hbcfx', 'da102e120e97ad7272c86eb28461fab0', 0, '2015-09-09 16:32:39', '0000-00-00 00:00:00', NULL),
(28, 'Artur', 'Artur', 'artmkryan@gmail.com', '055548466', 'NOR-ARESH 31ST.26APT.', 'b7ad455979e9097f3f806de58e10cd42', 1, '2015-09-12 10:17:12', '0000-00-00 00:00:00', '2015-09-14 09:41:43'),
(29, 'Armen', 'Galstyan', 'armengalstyan25mail.ru@mail.ru', '091910279', 'Armenia, Tavush reg.', 'cd7102e9cadd036234325dcebfb12559', 1, '2015-09-13 07:20:07', '2015-09-14 12:13:11', '2015-09-14 09:42:01'),
(30, 'Karen', 'Manukyan', 'm.karen.79@mail.ru', '093241716', 'Metcamor', '5bf50e768c9e448a879ff21a209cf34c', 1, '2015-09-16 02:55:54', '2015-09-16 16:52:09', '2015-09-16 10:03:05'),
(31, 'Samvel', 'Grigoryan', 'samo57@mail.ru', '091011065', 'Yerevan, Vagarshyan 15-56', 'd36e4943e608a4148a2b2ec25565b852', 1, '2015-10-03 16:04:04', '0000-00-00 00:00:00', '2015-10-04 06:24:04'),
(32, 'Sargis', 'Hamazaspyan', 'drivesako@hotmail.com', '093618617', 'Gyumri,Shirakatsi 16\\6', '41a3b8f292e01c5f8534ac41ccddedeb', 1, '2015-10-09 06:42:26', '2015-10-09 08:24:45', '2015-10-09 08:06:17'),
(33, 'Artur', 'Hakobyan', 'h_artur@mail.ru', '094834344', '104 Sayat-Nova, Armavir', '60c46e04e52b01c9c8dfcacc7a98a367', 1, '2015-10-12 03:58:19', '2015-10-12 04:03:07', '2015-10-12 08:28:02'),
(34, '', '', '', '094486440', '', '78388aeb4286c741f8261ce9fbab49ec', 0, '2015-11-06 07:14:36', '2015-11-06 07:16:44', NULL);

-- --------------------------------------------------------

--
-- Table structure for table `weights`
--

CREATE TABLE IF NOT EXISTS `weights` (
  `id` int(11) NOT NULL AUTO_INCREMENT,
  `part_number` varchar(30) NOT NULL,
  `weight` float(10,3) NOT NULL,
  PRIMARY KEY (`id`)
) ENGINE=InnoDB  DEFAULT CHARSET=utf8 AUTO_INCREMENT=1835 ;

--
-- Dumping data for table `weights`
--

INSERT INTO `weights` (`id`, `part_number`, `weight`) VALUES
(4, 'ru843030t', 0.200),
(5, 'c9241', 0.300),
(6, 't25dj2150', 0.400),
(7, 'st4872535040', 0.400),
(8, 'tab161', 0.400),
(10, '7700022sx', 0.300),
(11, 'Z3155', 2.000),
(12, '334482', 5.900),
(14, '280896', 5.200),
(15, '30d50a', 2.500),
(16, '310704', 2.500),
(17, '3208g', 5.800),
(18, '324038', 5.800),
(20, '334241', 5.700),
(21, '32c80a', 2.600),
(22, '32g74a', 4.900),
(23, '34030615', 2.100),
(24, '365093', 2.700),
(25, '375035', 2.700),
(26, 'a3587gr', 5.100),
(27, 'a67520g', 2.600),
(28, 'b3285', 5.800),
(29, 'd0009', 5.800),
(30, 'd0801', 2.700),
(31, 'g22065lr', 5.700),
(32, 'g32370r', 5.400),
(33, 'j5512014g', 5.800),
(34, 'jgc140t', 2.100),
(35, 'ppk10207', 0.250),
(36, 'z1261', 5.700),
(37, '110230', 5.000),
(40, 'lxgx402161x', 6.000),
(41, 'ty04313bb', 6.000),
(42, 'lxgx402240', 7.000),
(43, 'GAP2790050', 5.600),
(44, 'SH-365093-ASI', 5.600),
(45, '219598', 5.600),
(46, '50020', 5.600),
(47, '51058', 5.600),
(48, '51060', 5.600),
(49, 'st4851049017', 5.600),
(50, 'g6262', 5.600),
(51, 'g22251008r', 5.600),
(52, 'plfr6a', 0.100),
(53, '0242236528', 0.100),
(54, 'vkh20', 0.100),
(55, 'vkh20y', 0.100),
(56, '0120-335', 0.300),
(57, '0101156', 0.300),
(58, '0101158', 0.350),
(59, '0120120d', 0.350),
(60, '0120333', 0.300),
(61, '0120335', 0.300),
(62, '0124103', 7.500),
(63, '0124335lh', 7.300),
(64, '16859ap', 7.300),
(65, '45578', 3.400),
(66, 'bg17791a', 3.400),
(67, 'hr821460', 0.300),
(68, 'kat10004toy', 0.300),
(69, 'mb3842', 0.300),
(70, 'mtb040', 0.300),
(71, 'ru566', 0.400),
(72, 'ru567', 0.400),
(73, 'sb3842', 0.400),
(74, 'sh05175', 7.300),
(75, 'st4806960010', 7.300),
(76, '4806860010', 7.300),
(77, '48068-60010', 7.300),
(78, '0124104', 7.300),
(79, '0124335rh', 7.300),
(80, '16860ap', 7.300),
(81, '45579', 7.400),
(83, '51385', 2.500),
(84, '0124-LC120RH', 2.600),
(85, '0101155', 0.400),
(86, '0105120u', 0.100),
(87, '0120334', 0.300),
(88, '0124105', 2.600),
(89, '0124lc120rh', 2.600),
(90, '0535258', 0.300),
(91, '159187', 2.600),
(92, '50490', 0.300),
(93, 'c1231lr', 0.500),
(94, 'kat10003toy', 0.500),
(95, 'mb3841', 0.500),
(96, 'mtb038', 0.470),
(97, 'ru573', 0.400),
(98, 'sb3841', 0.470),
(99, 'st4861060050', 2.600),
(102, '0124-334LH', 2.800),
(103, '0124-LC120LH', 2.600),
(104, '48630-60010', 2.700),
(105, '4863060010', 2.700),
(106, '0124-234RH', 2.800),
(107, '0124106', 2.700),
(108, '0124lc120lh', 2.500),
(109, 'RB-32-60020-TZK', 0.470),
(110, '1061416', 0.470),
(111, '106144', 0.470),
(112, '1061441', 0.470),
(113, '450119', 0.470),
(114, '845631', 0.300),
(115, '8798142sx', 0.300),
(117, 'c8556', 0.300),
(118, 'j1271', 0.300),
(119, 'ru247', 0.300),
(120, 'st4863260020', 0.470),
(121, 't24gr21p', 0.400),
(122, 't382sr', 0.400),
(123, 'tab155', 0.300),
(124, 'TOS-120', 0.050),
(125, 'gf000994', 0.050),
(126, 'gf016900', 0.050),
(127, 'k9031672001', 0.050),
(128, 'tos120', 0.050),
(129, 'st4321160170', 5.800),
(130, 'st4321260170', 5.800),
(131, '48510-69415', 2.700),
(132, '341340', 2.800),
(133, '219593', 2.500),
(134, '4851069415', 2.700),
(135, '51038', 2.500),
(136, '48820-60050', 0.600),
(137, '4882060050', 0.600),
(138, 'CLT45', 0.500),
(139, '0123009', 0.600),
(140, '131880egt', 0.500),
(141, '16855ap', 0.600),
(142, '27335', 0.400),
(143, '30160600032hd', 0.400),
(144, '45066', 0.400),
(145, '45067', 0.400),
(146, '51379hps', 0.400),
(147, '5698044sx', 0.400),
(148, '97025921', 0.450),
(149, 'a01sl10460', 0.450),
(150, 'adt38566', 0.450),
(151, 'bdl6957', 0.450),
(152, 'c7099r', 0.450),
(153, 'hs822058', 0.450),
(154, 'j62112ymt', 0.450),
(155, 'jts7565', 0.450),
(156, 'kat17057toy', 0.450),
(157, 'ml3890r', 0.450),
(158, 'mtl108r', 0.400),
(159, 'mv4882060050', 0.400),
(160, 'sl3890r', 0.400),
(161, 'st4882060050', 0.400),
(162, 'n4250', 0.400),
(163, 'n4972055', 0.400),
(164, 't156', 0.400),
(165, 't27vg04fr2', 0.400),
(167, 'tc1826', 0.400),
(168, '430203962', 0.400),
(169, '4881060040', 0.400),
(170, '48810-60040', 0.400),
(171, 'CLT46', 0.400),
(172, '0123011', 0.400),
(173, '131868egt', 0.400),
(174, '16854ap', 0.400),
(175, '27336', 0.400),
(176, '29lb311', 0.400),
(177, '30160600052hd', 0.400),
(178, '51117', 0.400),
(179, '51378hps', 0.400),
(181, '5698045sx', 0.400),
(182, '81927336', 0.400),
(183, '97025922', 0.400),
(184, '29lb312', 0.400),
(185, 'a01sl10450', 0.400),
(186, 'adt38573', 0.400),
(187, 'bdl6956', 0.400),
(188, 'c7099l', 0.400),
(189, 'hs821057', 0.400),
(190, 'j62113ymt', 0.400),
(191, 'jts7564', 0.400),
(192, 'kat17058toy', 0.400),
(193, 'ml3890l', 0.400),
(194, 'mtl108l', 0.400),
(195, 'n4962055', 0.400),
(196, 'sl3890l', 0.400),
(197, 'st4881060040', 0.400),
(198, 't157', 0.400),
(199, 'tc1825', 0.400),
(200, 'vpm4881060040', 0.400),
(201, '545008h310', 4.000),
(202, 'NAB-240', 0.400),
(203, 'NAB-239', 0.400),
(204, '54500-8H310T', 4.000),
(205, 'JTC7569', 4.000),
(206, '0224-T30LH', 4.000),
(207, '0224-T30RH', 4.000),
(208, '0201239', 0.400),
(209, '0201240', 0.400),
(210, '0201t30', 0.400),
(211, '0224023', 0.400),
(212, '0384514', 4.000),
(213, '141480egt', 4.000),
(214, '14722a', 4.000),
(215, '16236ap', 4.000),
(216, '206980', 0.400),
(217, '206981', 0.400),
(218, '2069811', 0.400),
(219, '25471', 4.000),
(220, '320161', 0.400),
(221, '36146100001', 0.400),
(222, '36160500082', 0.400),
(223, '4109055', 4.000),
(224, '41175', 4.000),
(225, '427283', 4.000),
(226, '5012231', 4.000),
(227, '50455', 0.400),
(228, '51285', 4.000),
(229, '5774074sx', 4.000),
(230, '7476067', 4.000),
(231, '841618', 0.400),
(232, '841619', 0.400),
(233, 'aamni1035', 0.400),
(234, 'adn18688c', 4.000),
(235, 'bg14722a', 4.000),
(236, 'br1911', 4.000),
(237, 'dlz545008h310', 4.000),
(238, 'dsa5040awr', 4.000),
(239, 'dt21025', 4.000),
(240, 'fl0101g', 4.000),
(241, 'g61212', 4.000),
(242, 'ha802214', 4.000),
(243, 'hr801191', 0.400),
(244, 'hr801192', 0.400),
(245, 'hr801320', 0.400),
(246, 'j31084ymt', 4.000),
(247, 'j4911022', 4.200),
(248, 'jdcs637r', 4.000),
(249, 'ma9556r', 4.000),
(250, 'mta198', 0.400),
(251, 'n150sr', 0.400),
(252, 'n758', 4.000),
(253, 'nab239', 0.400),
(254, 'nab240', 0.400),
(255, 'ni0116r', 0.400),
(256, 'ni0225r', 0.400),
(257, 'ni5504ca', 4.000),
(258, 'niwp2803', 4.000),
(259, 'nnxtr01810r', 4.000),
(260, 'ps5043r', 4.000),
(261, 'qsa2100s', 4.000),
(262, 'ru435', 0.400),
(263, 'ru436', 0.400),
(264, 'sca6525', 4.000),
(265, 'sh49085', 4.000),
(266, 'st545008h310', 4.100),
(267, 'su10269', 4.000),
(268, 'tc1536', 4.000),
(269, 'trk0108', 4.000),
(270, 'v380157', 4.000),
(271, 'vpm545008h310', 4.000),
(272, 'NAB-T30F-KIT', 0.800),
(273, '54501-8H310T', 4.000),
(274, 'JTC7570', 4.000),
(275, '0224024', 4.000),
(276, '0394514', 4.000),
(277, '141479egt', 4.000),
(278, '14721a', 4.000),
(279, '16235ap', 4.000),
(280, '36160500081', 4.000),
(281, '4109054', 4.000),
(282, '41174', 4.000),
(283, '427282', 4.000),
(284, '51284', 4.000),
(285, '5774075sx', 4.000),
(286, 'adn18687c', 4.000),
(287, 'asca2028', 4.000),
(288, 'bg14721a', 4.000),
(289, 'br1912', 4.000),
(290, 'dsa5040awl', 4.000),
(291, 'dlz545018h310', 4.000),
(292, 'dt21026', 4.000),
(293, 'fl0102g', 4.000),
(294, 'g61213', 4.000),
(295, 'ha801213', 4.000),
(296, 'j31085ymt', 4.000),
(297, 'j4901022', 4.000),
(298, 'jdcs637l', 4.000),
(299, 'ma9556l', 4.000),
(300, 'jdn24t30wb', 0.400),
(301, 'n757', 4.000),
(302, 'ni5404ca', 4.000),
(304, 'nnxtr01810l', 4.000),
(305, 'ps5043l', 4.000),
(306, 'sh49086', 4.000),
(307, 'st545018h310', 4.000),
(308, 'su10268', 4.000),
(309, 'tc1535', 4.000),
(310, 'trk0107', 4.000),
(311, 'vpm545018h310', 4.000),
(312, 'niwp2802', 4.000),
(313, '5012232', 3.800),
(314, '9008031043', 0.010),
(315, '12010800', 0.010),
(316, '12035907', 0.010),
(317, '19036089', 0.010),
(318, '705399300', 0.010),
(319, '705402400', 0.010),
(320, '90049', 0.010),
(323, 'k9091302101', 0.010),
(324, 'kp06026', 0.010),
(325, 'n32085', 0.010),
(326, 'pa5020', 0.010),
(327, '94856712', 0.010),
(333, '9008031061', 0.010),
(335, '9008031101', 0.010),
(337, '90913-02101', 0.010),
(338, '9091302101', 0.010),
(342, '90913-02112', 0.010),
(345, '96316214', 2.000),
(346, '96571295', 2.000),
(347, '96951787', 2.000),
(348, 'aadw001', 2.000),
(349, 'amdshft15', 2.000),
(350, 'cxc003', 2.000),
(351, 'dw9m141258', 2.000),
(352, 'osmm6214', 2.000),
(353, 'rb2110', 2.000),
(354, 'ow0003d', 2.000),
(355, 'arg153022', 2.000),
(356, '12749a78b00000', 0.010),
(357, '94580138', 0.010),
(358, '0928332026000', 0.010),
(359, '15010700', 0.010),
(360, '166160', 0.010),
(361, '19012500', 0.010),
(362, '19012500b', 0.010),
(363, 'amdsg245', 0.010),
(364, 'kos005', 0.010),
(365, '96316210', 5.700),
(366, 'amdhbc111', 5.700),
(367, 'cxc008', 5.700),
(368, '9613642901', 0.010),
(369, '1734050020', 0.070),
(370, 'ty07436ga', 0.400),
(371, 'stlx47000g0', 0.400),
(372, '0187-1UZFE', 0.400),
(373, '01871uzfe', 0.400),
(374, '01872uzfe', 0.400),
(375, '04792112', 0.400),
(376, '04792112ae', 0.450),
(377, '1520676', 0.450),
(378, '38042', 0.450),
(379, '419602', 0.450),
(380, '4792112ae', 0.456),
(381, '53002905', 0.900),
(382, '531083110', 0.350),
(383, '56968', 0.400),
(384, '89006', 0.400),
(385, '89026', 0.400),
(386, '89027', 0.400),
(387, '89097', 0.400),
(388, '89201', 0.400),
(389, 'apv2483', 0.400),
(390, 'AS-6203-2RS', 0.070),
(391, 'dip9007', 0.400),
(392, 'f7cz6c348aa', 0.400),
(393, '0187-2UZFE', 0.400),
(394, 'as62032rs', 0.070),
(395, '0188-2UZFE', 0.400),
(396, '01882uzfe', 0.400),
(397, '532038020', 0.400),
(398, '56944', 0.400),
(399, '81931471', 0.400),
(400, 'dip9002', 0.400),
(401, '4853009n10', 2.100),
(402, 'ga36900', 0.400),
(403, 'ga36901', 0.400),
(404, 'gta0520', 0.400),
(405, 'za70sppv0408ddul', 0.400),
(406, '4853009n50', 2.300),
(407, '166040f010', 0.400),
(408, 'j1142063', 0.400),
(409, '162100f010', 2.200),
(410, '163070f010', 2.200),
(411, '2482263', 0.300),
(412, '4875006180', 1.100),
(413, 'TSS-ACV40RR', 1.100),
(414, 'AS-6303-2RS', 0.150),
(415, '63032nse9', 0.150),
(416, '63032rs', 0.150),
(417, 'st4875033020', 1.100),
(418, '63032rsr', 0.150),
(419, '6303dduc3e', 0.150),
(420, 'as63032rs', 0.150),
(421, 'b17102at1xddg3w01', 0.150),
(422, '13983r', 6.200),
(423, 'st4876033020', 1.100),
(424, 'aln3440', 6.200),
(425, 'tt11973', 6.200),
(426, 'AL-50330-XPR', 6.200),
(427, '028870', 6.400),
(428, 'tt11905', 6.400),
(429, 'TSI-ACV40RLR', 0.200),
(430, '1020214w', 0.060),
(431, 'tsiacv40rlr', 0.200),
(432, '140237', 0.060),
(433, '279', 0.060),
(434, 'b1569t12dd', 0.060),
(435, 'es1402', 0.060),
(436, 'scg949100279', 0.060),
(437, '48258aa010', 0.200),
(438, '4825806060', 0.200),
(439, 'TSI-ACV40RLL', 0.200),
(440, '01253acv40', 1.200),
(441, '0125143', 1.200),
(442, '0235082', 1.200),
(443, '17365d', 1.200),
(444, 'su10150', 1.300),
(445, 'su10129', 1.400),
(446, 'TAB-143', 4.700),
(447, '4230506100', 6.000),
(448, '921013E540', 1.000),
(449, '921023E540', 1.000),
(450, '4357060010', 2.200),
(451, 'D-2090-01', 1.200),
(452, '5102210', 1.200),
(453, '0252194715w', 1.200),
(454, '0986424640', 2.200),
(455, '0182-GRJ120FM-KIT', 2.300),
(456, '0182grj120fmkit', 2.300),
(457, '2duf054n2b', 2.300),
(458, '54kwh01', 2.300),
(459, '2duf054n2gr', 2.300),
(460, '981887', 2.400),
(461, '9254003k', 2.300),
(462, 'tywhgrj120fmkit', 2.200),
(463, '0986424313', 1.200),
(464, '041300', 1.200),
(465, '041304', 1.200),
(466, '05p749', 1.200),
(467, '1004f', 2.200),
(468, '13046057442', 1.300),
(469, '1512577', 1.200),
(470, '2194701', 1.200),
(471, '219471551', 1.200),
(472, '2204320', 1.700),
(473, '224538', 1.200),
(474, '2352402', 2.300),
(475, '241300', 1.200),
(476, '241304', 1.200),
(477, '36462', 1.800),
(478, '36875', 1.200),
(479, '424004bsx', 1.200),
(480, '4470', 1.500),
(481, '51210', 1.200),
(482, '572245j', 1.200),
(483, '6111829', 1.500),
(484, '6134649', 1.700),
(485, '9809', 1.300),
(486, 'adc44275', 1.200),
(487, 'adt34280', 1.200),
(488, 'bd7503', 1.200),
(489, 'bd7505', 1.200),
(490, 'c22010', 1.200),
(491, 'c22010abe', 1.500),
(492, 'dbs3164', 1.800),
(493, 'l021022300', 2.000),
(494, 'mz62600740l', 1.100),
(495, 'mz62600740r', 1.100),
(496, '2161958lue', 1.000),
(497, '2161958rue', 1.100),
(498, '981886', 2.400),
(499, '11116-50070T', 0.500),
(500, '10123200', 0.500),
(501, 'ka103275', 0.500),
(502, '11116-50040T', 0.500),
(503, '02700152', 1.100),
(504, 'ab1182', 1.100),
(505, '04466yzzc8', 1.100),
(506, '141027', 1.100),
(507, '2088r', 1.100),
(508, '2194715004', 1.100),
(509, '224548', 1.100),
(510, '321001egt', 1.100),
(511, '37231', 2.200),
(512, 'akd1143', 1.300),
(513, 'bp9053', 1.100),
(514, 'c12088', 2.200),
(515, '940207', 3.000),
(516, 'ka5151', 4.000),
(517, '921013d120', 3.800),
(519, '16465', 4.500),
(520, '20562', 5.000),
(521, '3199dg', 2.000),
(522, '333358', 4.300),
(523, '333359', 4.300),
(525, 'e7008', 4.700),
(526, 'g32507r', 4.800),
(527, '334817', 4.500),
(528, 'B3283', 2.000),
(529, '110160assy', 9.000),
(530, '110161assy', 9.000),
(531, '16464', 4.600),
(532, '20563', 5.200),
(533, '22111128', 4.000),
(534, '48820-58010R', 0.500),
(535, 'T27ZE121F', 0.500),
(536, '0123124r', 0.500),
(537, '0123avf', 0.500),
(538, '0914329', 0.500),
(539, '10010550', 0.500),
(540, '131159egt', 0.500),
(541, '14593ap', 0.500),
(542, '1t1806', 0.500),
(543, '1t1992', 0.500),
(544, '23635', 0.500),
(545, '29797pcsms', 0.600),
(546, '30160600017hd', 0.600),
(547, '45564', 0.500),
(548, '5114515', 0.600),
(549, '51577hps', 0.500),
(550, '5698024sx', 0.600),
(551, '81923635', 0.500),
(552, '926928', 0.500),
(553, '9792573', 0.500),
(554, '344410', 2.100),
(555, 'adt38520', 0.500),
(556, '334380', 5.700),
(557, '32m54a', 4.800),
(558, '339070', 5.700),
(559, '54302cb025', 5.000),
(560, '312186', 5.200),
(561, 'nss032', 0.900),
(562, '0122-MCU10', 0.800),
(563, 'btr5313', 0.800),
(564, 'c2096lr', 0.800),
(565, 'st4550349095', 0.900),
(566, 'i32052', 0.800),
(567, 'JAR396', 0.900),
(568, '0603669', 1.000),
(569, '16400', 0.800),
(570, '23583', 0.800),
(571, '45815', 0.800),
(572, '5500178sx', 0.900),
(573, '5598010sx', 0.900),
(574, '59272', 0.800),
(575, '916964', 0.900),
(576, '4418843', 6.000),
(577, '826693', 6.000),
(578, '3000951861', 6.000),
(579, '0252402417w', 2.200),
(580, '05p1379', 2.400),
(581, '0986494153', 2.200),
(582, '04465az001tm', 2.200),
(583, '098800', 1.000),
(584, '4401301luedr', 0.500),
(585, '4401301ruedr', 0.500),
(586, '4401915luedr', 1.400),
(587, '4401915ruedr', 1.400),
(588, 'D 440-1915R-UE-DR', 1.400),
(589, 'D 440-1915L-UE-DR', 1.400),
(590, '1457433534', 0.900),
(591, '2002251', 0.600),
(592, '2002272', 0.600),
(593, '20251', 0.600),
(594, 'vkh16', 0.100),
(595, '133906', 0.200),
(596, '20442', 0.300),
(597, '48350', 0.400),
(598, '17904n', 3.800),
(600, '11052n', 6.500),
(601, '0986452041', 0.400),
(602, '55020wl60b', 4.300),
(603, '334269', 4.500),
(604, 'g32287r', 6.200),
(605, '32p15a', 5.300),
(606, '334270', 6.400),
(607, '32p16a', 5.300),
(608, 'g32287l', 6.100),
(609, 'pn0853', 2.100),
(610, '0986494138', 2.000),
(611, '077132', 2.000),
(612, '05p1291', 2.000),
(613, '1511168', 2.100),
(614, '2405901', 2.100),
(615, '181539', 2.000),
(616, '223416', 2.000),
(617, '277132', 2.100),
(618, '37323', 2.000),
(619, '50h0006', 2.000),
(620, '5220', 2.100),
(621, '572540b', 2.000),
(622, '782032sx', 2.100),
(623, '8db355010821', 2.100),
(624, 'adg04255', 1.900),
(625, 'akd0853', 2.000),
(626, 'c10512abe', 2.100),
(627, 'd11136m', 2.000),
(628, 'lp1857', 2.300),
(629, 'mdb2605', 2.100),
(630, 'lp1853', 2.000),
(631, 'p30017', 2.100),
(632, '334264', 5.600),
(633, 'HdNS100R', 4.200),
(634, 'XPNS100R', 4.200),
(636, '335047', 6.300),
(637, '26060EJ20A', 5.900),
(638, '3151147las2', 3.000),
(639, '55361-2E501', 3.900),
(640, '20334215', 3.900),
(641, '20334216', 3.900),
(642, '334504', 6.200),
(643, '3364dg', 5.200),
(644, '553612e001', 5.800),
(645, '20040966', 2.500),
(646, '23033gr', 5.900),
(647, '3364ig', 5.200),
(648, '37267230003', 3.500),
(649, '553612e501', 3.900),
(650, '55351-2E501', 5.900),
(651, '05p1050', 2.300),
(652, '05p515', 1.600),
(653, '070704', 2.300),
(654, '13046057462', 2.300),
(655, '181665', 2.200),
(656, '5002268', 2.300),
(657, '572185j', 1.500),
(658, 'j3602097', 2.300),
(659, 'lp1308', 2.200),
(660, 'mdb1696', 1.200),
(661, 'mx772', 2.400),
(662, 'p513304', 1.200),
(663, 'p83024', 1.200),
(664, 'p888300', 2.100),
(665, 'pa268af', 2.300),
(666, 'akd1482', 2.300),
(667, 'an498wk', 2.300),
(668, '572515b', 2.100),
(669, '0252352415w', 2.300),
(670, '13046057472', 2.200),
(672, '202 320 09 31', 1.600),
(673, '2023200931', 1.600),
(674, '0267250004', 2.100),
(675, '170451', 1.700),
(676, '20553174', 1.700),
(677, '20858', 1.700),
(678, '24018579', 1.600),
(679, '32120051sx', 1.700),
(680, '36a130', 1.600),
(681, '553184', 1.600),
(682, 'a1622g', 2.000),
(683, 'b361857', 1.700),
(684, 'g11298lr', 2.100),
(685, 'e5029', 1.700),
(686, 'psa553185', 1.700),
(687, 'v301753', 1.900),
(688, '553185', 1.600),
(689, '553186', 1.600),
(690, '202 320 0631', 1.700),
(691, '2023200631', 1.700),
(692, '24-018579', 1.600),
(693, '1622g', 1.600),
(694, '553183', 1.600),
(695, '102504', 2.300),
(696, '202 320 0830', 1.700),
(697, '2023200830', 1.700),
(698, '24-018562', 1.600),
(699, '0266250001', 2.200),
(700, '1621g', 1.600),
(701, '170450', 1.800),
(702, '20846', 1.700),
(703, '20553001', 1.900),
(704, '24018562', 1.900),
(705, '32120050sx', 1.700),
(706, '36a110', 1.700),
(707, 'psa553183', 1.800),
(708, '24100878', 1.700),
(709, 'jgt376t', 1.600),
(710, 'fdg1621flr', 1.500),
(711, 'a1621g', 2.300),
(712, '90369t0003', 2.400),
(713, '85265', 3.300),
(714, 'PN2201', 1.700),
(715, '0266250010', 2.300),
(716, '124394', 2.200),
(717, '124390', 2.200),
(718, '24-021548', 1.700),
(719, '124392', 2.200),
(720, '24-100540', 1.700),
(721, 'BE3A054', 1.700),
(722, 'B362154', 1.800),
(723, '0267250010', 2.400),
(724, 'BE3A055', 1.900),
(725, '24-100557', 1.800),
(726, '24100557', 1.800),
(727, '124393', 2.200),
(728, '20553224', 2.000),
(729, '2103261800', 2.300),
(730, '2103261900', 2.300),
(731, '24021555', 1.800),
(732, '24100588', 1.800),
(733, '24108263', 2.000),
(734, '553198', 1.700),
(735, '553200', 1.750),
(736, 'b362155', 1.900),
(737, '546612T010', 4.300),
(738, '546612T012', 4.300),
(739, '546612T022', 4.300),
(740, '546612t450', 4.300),
(741, '546612t410', 4.300),
(742, '339147', 5.000),
(743, 'BN8V-73-651', 0.300),
(744, '333476', 4.700),
(745, 'dma0203', 0.300),
(746, '0891062', 0.200),
(747, '0282-Z50MR', 3.600),
(748, '0282z50mr', 3.600),
(749, 'hub056t1', 3.600),
(750, '0282j31mr', 3.600),
(751, 'HUB042T10', 3.600),
(753, '015422', 6.500),
(754, '015422bl', 6.500),
(755, '232162w', 6.500),
(756, 'j5215039', 6.500),
(757, 'sr0636', 6.500),
(758, 'str7030a', 6.500),
(759, 'ME201650E', 6.500),
(760, '206959', 0.430),
(761, '2069591', 0.430),
(762, '206960', 0.430),
(763, '320149', 0.430),
(764, 'c9298', 0.430),
(765, 'c9299', 0.430),
(766, 'nab088', 0.430),
(767, 'nab089', 0.430),
(768, 'ni0125r', 0.430),
(769, 'ni0128r', 0.430),
(770, '320150', 0.430),
(771, 'NAB-088', 0.430),
(772, 'nab065', 0.230),
(773, 'nab-065', 0.230),
(774, 'nab090', 0.470),
(776, 'nab-090', 0.470),
(777, '133910', 0.250),
(778, '20370', 0.250),
(779, '30134', 0.250),
(780, '48292', 0.250),
(781, '880264', 0.250),
(782, 'ch27', 0.250),
(783, 'ci7010', 0.250),
(784, 'ic0302', 0.250),
(785, 'st30520pwa003', 0.250),
(786, '08886-80506', 1.000),
(787, '0888680506', 1.000),
(788, '29934', 1.000),
(789, '4014835648111', 1.000),
(790, '81929934', 1.000),
(791, 'akd1088', 1.600),
(792, 'an669wk', 1.700),
(793, 'av205', 1.600),
(794, 'bd5719', 1.300),
(795, 'd1239m', 1.200),
(796, 'd1239m01', 1.200),
(797, 'fps01nr', 1.200),
(798, 'ms2201', 1.500),
(799, 'ms2467', 1.200),
(802, 'sn594p', 1.200),
(803, 'pn2467', 1.200),
(804, 'akd2201', 1.700),
(805, 'd1110m', 1.700),
(806, 'd1110m01', 1.700),
(807, 'd1119m', 1.700),
(808, 'd1119m01', 1.700),
(809, 'd1241m', 1.700),
(810, 'd1241m01', 1.700),
(811, '12fc391', 1.000),
(812, '1621050101', 2.400),
(813, '16210-50102', 2.400),
(814, 'cl40017', 2.400),
(815, 't155f', 2.400),
(816, '76250-SAA-G51ZG', 1.500),
(817, '76250saag51zg', 1.500),
(818, '6111945', 1.500),
(819, 'vhdm1018el', 1.500),
(820, '16ab094', 2.000),
(821, '681ve31288000', 0.500),
(822, 'r6248snt', 0.700),
(824, 'ho6201m', 0.900),
(825, 'hss002', 0.900),
(826, 'st51925s7a024', 0.900),
(827, 'v94463', 0.800),
(828, 'JTE707', 0.500),
(829, 'SE7721', 0.500),
(830, '15272', 0.500),
(831, '15568', 0.500),
(832, '5033019', 0.500),
(833, '9972136', 0.500),
(834, 'c6013', 2.900),
(835, 'iw5015ymt', 2.900),
(836, 'jia7506', 2.900),
(837, 'mi6401ca', 2.900),
(838, 'si7805', 2.900),
(839, '15068', 1.300),
(840, '15280', 1.300),
(841, '0420pd8lrh', 1.300),
(842, '15069', 1.300),
(843, '15070', 0.700),
(844, '15282', 0.700),
(845, '344358', 2.700),
(847, 'g5417', 3.500),
(848, 'g22045188r', 3.500),
(849, 'st543023u025se', 3.500),
(850, '343421', 1.600),
(851, 'asa02105', 1.600),
(854, '206051', 0.500),
(855, '0224039', 0.500),
(856, '0220j31', 0.500),
(857, '206050', 0.500),
(858, '0201j31b', 0.500),
(859, '011130', 0.500),
(860, '011131', 0.500),
(861, '0201j31s', 0.500),
(862, '0201z50', 0.500),
(863, '0224040', 0.500),
(864, 'nbjbj31', 0.500),
(865, 'g41238156', 1.600),
(866, 'D-2254M', 0.900),
(867, 'BP-A716WK-O-SUM', 1.000),
(868, 'MP3658N', 1.000),
(869, '51214', 1.000),
(870, 'd2254m', 1.000),
(871, 'D-2254M-01', 1.000),
(872, 'akd12610', 1.400),
(873, 'bd7542', 1.600),
(874, '0252433617', 1.600),
(876, '224580', 0.800),
(877, '5102214', 0.900),
(878, '37544', 1.600),
(879, '5002269', 1.600),
(880, '002008sx', 2.200),
(881, 'd2274', 1.600),
(882, '0252461015w', 0.800),
(883, 'fpe060', 1.600),
(884, '05p1312', 0.800),
(885, 'ms1524', 1.600),
(886, 'p83082', 1.600),
(888, '0986494255', 0.900),
(889, 'rn707', 1.600),
(890, '12377', 0.900),
(891, '128602', 0.800),
(892, '13046057692', 0.850),
(893, '2035r', 0.900),
(894, '181899', 0.800),
(895, '224582', 0.800),
(896, '2461001', 0.800),
(897, '37580', 0.800),
(898, '572591b', 0.900),
(899, '7620', 0.800),
(901, 'pp214af', 0.900),
(902, 'p83083', 8.500),
(903, '51392s5a004', 0.400),
(904, '51392-S5A-004', 0.400),
(905, 'HAB-002', 0.400),
(906, 'CVHO11', 0.400),
(907, '0301002', 0.400),
(908, '30428', 0.400),
(909, 'adh28033', 0.400),
(910, 'asb0329', 0.400),
(911, 'c8295', 0.400),
(912, 'hab002', 0.400),
(914, '847621', 0.500),
(915, 'c8296', 0.500),
(916, '51391-S7A-005', 0.500),
(917, '51391s7a005', 0.500),
(918, 'ru337', 0.400),
(919, 'HAB-001', 0.550),
(920, '0301001', 0.550),
(921, 'hab001', 0.550),
(922, 'j1453', 0.550),
(923, 'ru430', 0.400),
(924, '85930427', 0.500),
(925, 'adh28074', 0.450),
(926, '488208h910', 2.100),
(927, '57510-2D000', 1.000),
(928, '339117', 5.600),
(930, '22213839', 5.800),
(931, 'g32426l', 4.500),
(932, 'sh21073g', 4.500),
(933, '339105', 5.200),
(934, '339118', 5.200),
(936, 'sh22073g', 4.500),
(937, '339104', 5.100),
(938, 'g32426r', 5.000),
(939, '3454dg', 5.000),
(940, '22213846', 5.500),
(941, '37770', 0.800),
(942, '2650036', 0.700),
(944, '62937770', 0.700),
(945, 'mb01', 0.800),
(946, '1198006sx', 0.150),
(947, '88720r', 1.300),
(948, 'ak735237', 0.200),
(949, '993110', 3.200),
(950, '961630', 1.000),
(951, 'SZSS-GVJB', 0.800),
(952, 'szssgvjb', 0.800),
(953, 'SZD-GVJB', 0.300),
(954, 'szdgvjb', 0.300),
(956, '0141520042', 1.300),
(957, '03580', 1.000),
(958, '01501', 1.000),
(959, '0141520004', 1.000),
(960, '12362', 1.000),
(961, '0801018', 0.300),
(962, 'c8647', 0.300),
(963, 'ru560', 0.300),
(964, 'sab018', 0.300),
(965, 'ads78008', 0.300),
(966, 'c8648', 0.300),
(967, 'j1711', 0.300),
(968, 'ru558', 0.300),
(969, 'sab017', 0.300),
(970, 'de843030t', 0.200),
(971, 'vp10011', 0.200),
(972, 'zvzp002', 0.200),
(974, '96336487', 2.700),
(975, 'b5567jm00b', 0.400),
(976, '5pk1070', 0.200),
(977, '5pk1073', 0.200),
(978, '349027', 2.300),
(979, '339056', 6.300),
(980, '341377', 3.000),
(981, '341445', 3.000),
(982, 'a3751g', 3.000),
(983, '349057', 2.200),
(984, 'g12663lr', 2.100),
(985, '24151375', 2.500),
(987, 'a3752g', 2.700),
(988, '110631', 5.000),
(989, 'c8879', 0.100),
(990, 'tsbgrs190f', 0.100),
(991, 'TSB-GRS190F', 0.100),
(992, 'adt38592', 0.500),
(993, '0123-X2WDR', 0.600),
(995, '0123gse20fr', 0.700),
(997, 'tab235', 1.300),
(998, '0120-GRX125LF', 0.900),
(999, '0123xrear', 0.500),
(1000, 'Akitaka', 0.600),
(1001, '0123gse20r', 0.600),
(1002, '0123-XREAR', 0.500),
(1003, 'met291l', 1.200),
(1004, 'to1322re', 1.200),
(1005, 'd6089', 1.300),
(1006, 'pn3417', 1.400),
(1007, '113136', 4.500),
(1008, '110484', 7.000),
(1009, '110485', 7.000),
(1010, 'pr66622', 0.600),
(1011, 'NSHB-001', 0.700),
(1012, 'SP2033', 2.000),
(1013, 'dd214', 0.300),
(1014, '1987949199', 0.300),
(1015, 'ma111', 0.200),
(1016, '450675', 0.200),
(1017, 'ru398', 0.200),
(1018, '0125acu15lf', 1.000),
(1020, '0125acu15lr', 1.200),
(1021, '16289', 4.100),
(1022, '22052704', 3.500),
(1023, 'a3156g', 3.900),
(1024, '333258', 4.000),
(1025, '65453156', 3.800),
(1026, '20568', 4.000),
(1027, 'jgm303t', 3.200),
(1028, 'g16289', 4.100),
(1029, '333368', 4.000),
(1030, 'j5502002g', 4.000),
(1031, 'j5502003g', 4.000),
(1032, 'dg8064', 3.400),
(1033, 'G32457LR', 4.100),
(1034, '0323-FITR', 0.400),
(1035, '0323fitr', 0.400),
(1036, '54661-3X250', 4.000),
(1037, '546613X050', 4.000),
(1038, 'amdsa463r', 4.000),
(1039, 'ex546613x250', 4.000),
(1040, '546613X251', 4.000),
(1041, '546613X260', 4.000),
(1042, '334381', 5.500),
(1043, '015370', 3.300),
(1044, '28100-74140E', 3.300),
(1045, 'SA-28041-XPR', 3.300),
(1046, '2810028042', 3.300),
(1047, '28100-28041E', 3.300),
(1048, 'mtt237', 3.300),
(1050, 'tt15692', 3.300),
(1051, '3361752a', 3.300),
(1052, '012011', 3.300),
(1053, '28100-74140', 3.300),
(1054, 'g22g39060', 2.000),
(1055, 'stgj6g39060e', 2.000),
(1056, 'SH-05106', 5.000),
(1057, 'j32124', 5.000),
(1058, 'th32387g1', 0.100),
(1059, '7158435001s', 6.000),
(1060, '7306405001s', 6.000),
(1061, 'pfag060', 0.400),
(1062, '0421457', 0.400),
(1063, '0421-457', 0.400),
(1064, '15402', 0.400),
(1065, '0401076', 0.200),
(1066, '0401105', 0.200),
(1067, 'MAB-076', 0.200),
(1068, 'mab076', 0.200),
(1069, '0323543', 0.050),
(1070, 'msb003', 0.050),
(1071, 'BS-6729-SUM', 2.400),
(1072, 'aks6729', 1.500),
(1073, 'bs5502', 2.400),
(1075, 'fn6729', 1.300),
(1076, 'PN3462', 1.400),
(1077, 'D-6109', 1.400),
(1078, 'BP-A641WK-SUM', 1.400),
(1079, 'akd1294', 1.400),
(1080, 'd6109', 1.400),
(1081, '0865000411', 0.500),
(1082, '3005523', 0.500),
(1084, '32143230009', 0.500),
(1085, 'fc523s', 0.500),
(1086, 'j1335052', 0.500),
(1087, 'lf971m', 0.500),
(1089, '1457433969', 0.400),
(1090, '32123210003', 0.400),
(1091, '2121409nue', 0.050),
(1092, '161065', 0.050),
(1093, 'stlx902061', 0.750),
(1094, 'stlx902062', 0.750),
(1095, 'MD184303', 0.003),
(1096, '10301120', 0.700),
(1097, 'c2025lr', 0.700),
(1098, 'CEN98', 0.550),
(1099, 'NSB-001', 0.030),
(1100, '201922', 0.030),
(1101, 'bsk6478k', 0.030),
(1102, 'j4147', 0.030),
(1103, 'nsb001', 0.030),
(1104, 'NSB-008', 0.030),
(1105, '201430', 0.030),
(1106, '320042', 0.030),
(1107, '8974086sx', 0.030),
(1108, 'abh0232', 0.030),
(1109, 'bsk7109k', 0.030),
(1110, 'c9024', 0.030),
(1111, 'f546134p007', 0.030),
(1112, 'hr801018', 0.030),
(1113, 'in1402r', 0.030),
(1114, 'j4146', 0.030),
(1115, 'j71034ymt', 0.030),
(1116, 'mp030', 0.030),
(1117, 'mts094', 0.030),
(1118, 'n045sv', 0.030),
(1119, 'n21pf014', 0.030),
(1120, 'nsb008', 0.030),
(1121, '45g0924', 0.030),
(1122, 'ni1411r', 0.030),
(1123, 'SLN170', 0.500),
(1125, '0223010', 0.500),
(1126, '10601127', 0.500),
(1127, '14201ap', 0.500),
(1128, '18lb828', 0.500),
(1129, '1n1812', 0.500),
(1130, '32888bpcsms', 0.500),
(1131, '42060', 0.500),
(1132, 'SLN170-M', 0.500),
(1133, '49224hps', 0.500),
(1134, '546180w000', 0.500),
(1135, '5741038', 0.500),
(1136, '9942060', 0.500),
(1137, 'adn18584', 0.500),
(1138, 'asl0208', 0.500),
(1139, 'c7023lr', 0.500),
(1140, 'cln16', 0.500),
(1141, 'hs800017', 0.500),
(1142, 'j4961019', 0.500),
(1143, 'j61036ymt', 0.500),
(1144, 'kat17042nis', 0.500),
(1145, 'ml4840', 0.500),
(1146, 'SB4842', 0.700),
(1147, '0220r50', 0.700),
(1148, '16991ap', 0.700),
(1149, '18bj204', 0.700),
(1150, '4104018', 0.650),
(1151, '42080', 0.700),
(1152, '5042236', 0.700),
(1153, '5740226', 0.700),
(1154, '7301119', 0.700),
(1155, 'abj0206', 0.700),
(1156, 'bjl033', 0.700),
(1157, 'c1044lr', 0.700),
(1158, 'j4861034', 0.850),
(1159, 'mb4842', 0.700),
(1160, 'n524', 0.700),
(1161, 'SE4831', 0.550),
(1162, '0221r50', 0.500),
(1163, '0221t30', 0.500),
(1164, '07020781', 0.500),
(1165, '14503ap', 0.500),
(1167, '36160200088', 0.600),
(1168, '301918egt', 0.550),
(1169, '41032', 0.500),
(1170, '5032271', 0.500),
(1171, '5174050sx', 0.600),
(1172, 'adn187105', 0.500),
(1173, '42030', 0.500),
(1174, 'c4020lr', 0.600),
(1175, 'ate0201', 0.550),
(1176, 'me4831', 0.500),
(1177, 'j4821088', 0.600),
(1178, '42010', 0.700),
(1179, 'j4841035', 0.750),
(1180, '5032268', 0.800),
(1181, '18re086', 0.700),
(1182, '263005', 0.750),
(1183, 'st485210w025', 0.750),
(1184, '261887', 0.750),
(1185, 'pgbn014', 0.200),
(1186, '129-03-301', 0.400),
(1187, '12903301', 0.400),
(1188, '110492', 6.500),
(1189, 'g6420', 6.500),
(1190, 'h12048', 1.100),
(1191, '20334907', 6.500),
(1192, '312904', 6.000),
(1193, '334399', 6.300),
(1194, '48510a9360', 6.500),
(1195, 'a0000940048', 0.500),
(1196, 'BRY0000940048', 0.500),
(1197, 'MAY0000940048', 0.500),
(1198, '0280217100', 0.500),
(1199, '0000940048', 0.500),
(1200, '1393900100', 0.500),
(1202, '42853', 0.500),
(1203, '906229', 0.500),
(1204, 'lm1024', 0.500),
(1205, 'pfa10034', 0.500),
(1206, '213719621019', 0.500),
(1207, 'mzabblblh', 1.700),
(1208, 'MZAB-BLBLH', 1.700),
(1209, '803602', 1.500),
(1210, 'MZAB-BLBRH', 1.700),
(1211, 'mzabblbrh', 1.700),
(1212, 'T-104', 1.500),
(1213, 'GWT90A', 1.500),
(1214, 'twp90', 1.500),
(1215, 'wpt032', 1.500),
(1216, '339055', 5.300),
(1217, 'g32414r', 5.300),
(1218, '341448', 2.500),
(1219, 'mmh66rr', 2.000),
(1220, 'MM-H66RR', 2.000),
(1221, 'pn8263', 1.300),
(1222, 'd5019m', 1.100),
(1223, 'akd8263', 1.100),
(1224, 'adh24213', 1.100),
(1226, 'bd3412', 1.800),
(1227, '9091530002', 0.800),
(1228, '339114', 5.200),
(1229, '339130', 5.200),
(1231, 'B3271', 5.300),
(1233, '339115', 5.200),
(1234, 'c1072lr', 0.700),
(1235, 'mb2381', 0.700),
(1236, 'sb2381', 0.700),
(1237, '1989', 0.050),
(1238, 'sxu22hdr8', 0.050),
(1239, 'ilkr7b8', 0.050),
(1240, 'sxu22hdr84', 0.050),
(1241, 'lf983m', 0.300),
(1242, 'mffm312', 0.500),
(1243, 'amdjff36', 0.550),
(1244, 'jdmft520', 0.550),
(1245, 'PN2901', 1.800),
(1246, 'D1264', 1.800),
(1247, 'D-1264M-01', 1.800),
(1248, '41060CG091', 1.900),
(1249, 'd1244m', 0.900),
(1250, '0115-GRX125', 0.350),
(1251, '0115grx125', 0.350),
(1252, '02141', 0.500),
(1253, 'bd0502', 0.500),
(1254, 'mf2068', 0.500),
(1255, '1987949492', 0.150),
(1256, '0120jzs160ur', 2.500),
(1257, 'tab289', 2.500),
(1258, 'tab366', 2.500),
(1259, 'TBJB-JZS160UR', 2.500),
(1260, 'tbjbjzs160ur', 2.500),
(1261, '0120-GGN15LF', 0.900),
(1262, '70148', 0.050),
(1264, 'ps313', 0.050),
(1265, 'tab244', 0.400),
(1266, 'TAB-244', 0.400),
(1267, 'tab244rub', 0.400),
(1268, 'TAB-244RUB', 0.400),
(1270, 'AST-24', 0.600),
(1271, 'ast24', 0.600),
(1272, 'TT-124', 0.600),
(1273, 'TT-127', 0.600),
(1274, 'mtt124', 0.600),
(1275, 'tt124', 0.600),
(1276, 'TAB-045', 0.470),
(1277, 'tab045', 0.470),
(1278, 'TAB-046', 0.300),
(1279, 'TAB-4546-KIT', 0.770),
(1280, 'tab4546kit', 0.770),
(1281, 'c8871', 0.250),
(1282, 'c8872', 0.470),
(1283, '0282-S50F', 3.500),
(1284, '0282s50f', 3.500),
(1285, 'pl021764r', 3.000),
(1286, 'ns0007', 3.000),
(1287, '554384', 1.400),
(1288, '55300-3X100', 1.400),
(1289, 'a00109', 3.500),
(1290, '54651-1M300', 3.500),
(1291, 'amdsa44l', 3.500),
(1292, 'a00108', 3.500),
(1293, 'ex546511m000', 3.500),
(1294, 'a00201', 1.600),
(1295, '8972095530', 4.000),
(1296, '353518f', 4.000),
(1297, 'vcs3517', 4.000),
(1298, '32411003', 4.000),
(1299, 'mf8302', 0.700),
(1300, '748309', 0.700),
(1301, '868309', 0.700),
(1302, '8171066810', 0.300),
(1303, 'th42t', 0.300),
(1304, '213894', 0.300),
(1305, 'b3553aac4', 1.000),
(1306, 'as35802128kit', 1.000),
(1307, '9031152059', 0.050),
(1308, '90311-52059', 0.050),
(1310, 'LF02-16-410', 5.000),
(1311, 'lf0216410', 5.000),
(1312, 'LF0116510', 0.400),
(1314, '610820', 1.000),
(1315, 'NAB-134', 0.600),
(1316, '0201134', 0.600),
(1317, '0220c11', 0.600),
(1318, '0224013', 0.600),
(1319, 'nab134', 0.600),
(1320, '553303', 2.000),
(1321, '443363', 2.000),
(1322, 'avm4635', 2.500),
(1323, '0387gd', 0.300),
(1324, '31480', 0.300),
(1325, '80spf0310ddul1b', 0.300),
(1326, '0387-GD', 0.300),
(1327, '333332', 4.100),
(1328, '333331', 4.100),
(1329, 'g32161l', 5.300),
(1330, 'B2289', 4.200),
(1331, 'g32161r', 5.300),
(1332, '553003x150', 1.500),
(1333, 'a00200', 2.000),
(1334, 'EX553001M000', 1.500),
(1335, 'DRM45032', 6.400),
(1336, '2428952', 6.500),
(1337, '2428952h', 6.500),
(1338, '2428952jp', 6.500),
(1339, '33218503', 6.500),
(1340, '67359', 6.500),
(1341, 'mblan07911', 6.500),
(1342, 'mc0001cy', 6.500),
(1343, '0986580824', 0.600),
(1344, '1009190057', 0.600),
(1345, '1002014sx', 0.600),
(1346, '0986580805', 0.600),
(1347, '76809', 1.300),
(1348, 'kr4141m', 1.400),
(1349, 'kr0908m', 1.000),
(1350, '1k0919051db', 1.200),
(1351, 'kr0910p', 1.000),
(1352, 'TSS-CAM', 0.700),
(1353, 'tsscam', 0.700),
(1354, '20349005', 3.500),
(1355, '349079', 2.500),
(1356, 'E6210JE21B', 2.100),
(1357, 'hy009r', 2.700),
(1358, 'NM-Z50RH', 2.100),
(1359, 'nmz50rh', 2.100),
(1360, 'nm036', 2.100),
(1361, 'nmj31rh', 2.100),
(1362, 'nmk12rh', 2.100),
(1363, 'nmw11rh', 2.100),
(1364, 'nmy61rh', 2.100),
(1365, '4333059066', 1.000),
(1366, 'CBT69', 1.000),
(1367, '0120-GX110R', 1.000),
(1368, 'SB3984R', 1.000),
(1369, '0120gx110r', 1.000),
(1371, '0120065', 0.300),
(1372, 'c1242lr', 0.300),
(1373, '2181136rldem', 2.300),
(1374, '2181136lldem', 2.300),
(1375, 'HM-FITRH', 1.000),
(1376, 'aem0305', 1.000),
(1377, '30148850006', 0.300),
(1378, '133874', 0.300),
(1379, '1970458', 0.300),
(1380, '30146', 0.350),
(1381, '20439', 0.350),
(1382, '48278', 0.350),
(1383, '0115grj120t', 0.400),
(1384, '0117p067', 0.400),
(1385, 'mf2805', 0.450),
(1386, 'drm50047', 7.000),
(1387, '34611048', 9.000),
(1389, 'kyty0009120', 9.000),
(1391, '0182-LC120RRH', 2.600),
(1392, 'aln3470', 6.000),
(1393, 'pn0521', 1.200),
(1394, '2DACF044N4', 2.800),
(1395, '735569', 7.500),
(1396, 'pn2702', 1.200),
(1397, '343381', 1.900),
(1398, 'e20012', 1.900),
(1399, '333411', 4.400),
(1400, 'b2291', 4.300),
(1401, '340045', 3.100),
(1402, '349115', 1.900),
(1403, '55310-3E500', 1.900),
(1404, '343412', 1.800),
(1405, '334701', 4.200),
(1406, 'br5v34900b', 4.200),
(1407, 'ash52', 0.500),
(1408, 'ASH-52', 0.500),
(1409, '8920618980', 0.070),
(1410, 'CLMZ15', 0.400),
(1411, '0523-PCR00', 0.400),
(1412, 'D27A01E', 0.400),
(1413, 'B30H-28-170B', 0.400),
(1414, '0523pcr00', 0.400),
(1415, 'b30h28170b', 0.400),
(1416, 'asl0408', 0.400),
(1417, '9951068', 0.400),
(1418, '917067', 0.400),
(1419, '5711019', 0.400),
(1420, '5671020sx', 0.400),
(1421, '51332hps', 0.400),
(1422, '22465', 0.400),
(1423, '10603308', 0.400),
(1424, 'j63011ymt', 0.400),
(1425, 'j63043jc', 0.400),
(1426, 'j63043ymt', 0.400),
(1427, 'ma358', 0.400),
(1428, 'g71207', 0.400),
(1429, 'j63011', 0.400),
(1430, 'j63011jc', 0.400),
(1431, 'jsl0021', 0.400),
(1432, 'mdls3627', 0.400),
(1433, 'CLMZ19', 0.400),
(1434, 'SL1680', 0.400),
(1435, '0501595', 0.400),
(1436, '05174185ac', 0.400),
(1438, '0523010', 0.400),
(1440, '0523pc', 0.400),
(1441, '0905268', 0.500),
(1442, '1m1812', 0.500),
(1443, '224630', 0.400),
(1444, '35160600015hd', 0.500),
(1445, '0523pcf', 0.400),
(1446, '10603307', 0.400),
(1447, '22463', 0.400),
(1448, '9951067', 0.550),
(1449, 'CLMZ21', 0.400),
(1450, 'st4427r', 1.000),
(1451, '334405', 5.300),
(1452, 'g32493lr', 2.000),
(1453, '334442', 5.500),
(1454, '334813', 4.900),
(1455, '2151155rldem', 3.000),
(1456, 'st1121041b10', 0.500),
(1457, 'dp198', 5.500),
(1458, '6101198', 5.500),
(1459, 'bg3131', 8.300),
(1460, '13207D4201', 0.002),
(1461, '0282-FX35R', 1.900),
(1462, '0282fx35r', 1.900),
(1463, '546612t122', 5.000),
(1464, '546612T232', 5.000),
(1465, '339262', 6.000),
(1466, '51606swwe02', 5.100),
(1467, 'U3834', 3.500),
(1468, 'B2290', 4.000),
(1469, '0242236542', 0.060),
(1470, '0242240675', 0.100),
(1471, '3297', 0.100),
(1472, '3318', 0.100),
(1473, '3764', 0.100),
(1474, '81550-06470', 3.800),
(1475, '8155006470', 3.800),
(1476, '81560-06470', 3.800),
(1477, '8156006470', 3.800),
(1478, '64401-06590', 10.000),
(1479, '64401-06610', 10.000),
(1480, '81130-06212', 4.000),
(1481, '8113006212', 4.000),
(1482, '5380106110', 3.500),
(1483, 'ty38101600r00', 3.500),
(1484, '81110-06510', 5.000),
(1485, '8111006510', 5.000),
(1486, '209087a01a', 5.000),
(1487, 'tg21211k0bl', 5.000),
(1488, 'bd5112', 1.700),
(1489, 'd3125m', 1.800),
(1490, 'pn5125', 1.800),
(1491, 'pn5526', 1.700),
(1492, 'pn5802', 2.300),
(1493, 'sthn043950', 0.700),
(1494, 'lrhhuac94320', 0.800),
(1495, '349101BA3A', 0.200),
(1496, 'si0500243', 10.000),
(1497, 'nlc7603210', 10.000),
(1498, 'nplpo3360', 10.000),
(1499, 'co3603', 2.000),
(1500, '0410-001', 2.000),
(1501, '0410001', 2.000),
(1502, '5473166', 4.000),
(1503, 'brb31', 4.000),
(1504, '102987', 4.000),
(1505, '48395', 0.300),
(1506, '17801-0T030', 0.800),
(1507, '178010t030', 0.800),
(1508, '20022001', 0.800),
(1509, 'F 026 400 114', 0.800),
(1510, 'f026400114', 0.800),
(1511, '90080-91180', 0.100),
(1512, '9008091180', 0.100),
(1513, '2743', 0.100),
(1514, '2122018lue', 1.000),
(1515, '334456', 5.700),
(1516, '334457', 5.500),
(1517, '334458', 3.700),
(1518, '334459', 5.900),
(1519, '334498', 5.700),
(1520, 'SZM-017', 1.500),
(1521, 'szm017', 1.500),
(1524, 'HM-MRVRH', 1.600),
(1525, 'hmmrvrh', 1.600),
(1528, 'HM-MRVRR', 1.500),
(1529, 'hmmrvrr', 1.500),
(1530, 'HM-MRVFR', 3.300),
(1531, 'hmmrvfr', 3.300),
(1532, '568202B900', 1.000),
(1533, '56820-2B900', 1.000),
(1534, 'd9029m', 1.000),
(1535, 'pn9443', 1.000),
(1536, 'pn9426', 0.900),
(1537, 'd0045m', 1.000),
(1538, 'd9029m01', 1.000),
(1539, 'adk84229', 0.900),
(1540, 'j3608021', 0.900),
(1541, '9507700', 0.700),
(1542, 'fr700', 0.700),
(1543, '0282-Z50F', 3.500),
(1544, '0282z50f', 3.500),
(1545, 'M11420', 1.200),
(1546, '324043', 6.000),
(1547, 'mb52002l', 0.300),
(1548, '48222', 0.900),
(1549, '48276', 0.900),
(1550, 'u5089', 0.900),
(1551, '8111048011', 4.000),
(1552, '81110-48011', 4.000),
(1553, 'tg3121152rus2', 4.000),
(1554, 'ay040ns088', 1.700),
(1555, 'pn2474', 1.700),
(1556, '34043', 0.200),
(1557, '3001111', 0.300),
(1558, '0450905326', 0.300),
(1559, 'b31011', 0.300),
(1560, 'fc111s', 0.300),
(1561, 'fs8001', 0.300),
(1562, 'mff3247', 0.300),
(1563, 'pebe54', 0.100),
(1564, '343436', 1.600),
(1565, '333397', 4.000),
(1566, '0423-NA4FL', 0.400),
(1567, '0423na4fl', 0.400),
(1568, 'MAB-NA4B', 0.370),
(1569, 'mabna4b', 0.370),
(1570, '0420-NA4', 0.370),
(1571, '0420na4', 0.370),
(1572, '0421-NA4', 0.450),
(1573, '0421na4', 0.450),
(1575, '3dacf043d4r', 3.500),
(1576, '26806', 0.600),
(1577, 'K-3427-01', 2.000),
(1579, 'D-3128', 2.000),
(1580, '0501crf', 2.000),
(1582, 'MZSS-MZ3F', 0.700),
(1583, '30786', 0.700),
(1584, '30841', 0.800),
(1585, '34077', 0.700),
(1586, '5320079j00', 1.800),
(1587, 'FN-0634', 1.700),
(1588, 'fn0634', 1.700),
(1589, '5320079j01', 1.800),
(1590, '2723759', 1.700),
(1591, 'bs7304', 1.700),
(1592, 'msbcs5wf', 0.100),
(1593, '0407cs5wf', 0.100),
(1596, '0415-CU20', 0.350),
(1597, '0415cu20', 0.350),
(1598, 'ru464', 0.400),
(1599, '29406', 0.300),
(1600, 'MAB-056', 0.300),
(1602, 'MSB-CS5WF', 0.100),
(1603, '34245', 0.600),
(1604, 'MM-CS3ARR', 2.700),
(1605, 'mmcs3arr', 2.700),
(1606, 'mmcs3alh', 1.800),
(1607, 'MM-CS3ALH', 1.800),
(1608, 'MAB-071', 0.200),
(1609, 'mab071', 0.200),
(1610, 'MAB-079', 0.200),
(1611, 'mab079', 0.200),
(1613, '04495-52120', 2.000),
(1614, '0449552120', 2.000),
(1615, '078903137ap', 0.300),
(1616, '078903137bc', 0.300),
(1617, '022903119d', 0.600),
(1618, '06b903119c', 0.500),
(1619, '06b903119', 0.500),
(1620, '078903119h', 0.500),
(1621, '038903119p', 0.500),
(1622, '2171290J00', 0.100),
(1623, 'MD307343', 0.025),
(1624, 'MD306079', 0.025),
(1625, 'MR 131732', 0.500),
(1626, '0423-010', 0.500),
(1627, 'mr131732', 0.500),
(1628, '0420-050', 0.500),
(1630, '0420050', 0.300),
(1631, '0512626gd', 2.000),
(1632, '0510005', 2.200),
(1633, 'mox203', 0.100),
(1634, 'j1545001', 0.100),
(1635, 'c12d', 0.100),
(1636, '66311-3S000', 4.000),
(1637, '66321-3S000', 4.000),
(1638, 'lto1381', 0.300),
(1639, 'mic111', 0.300),
(1640, 'st9091902255', 0.300),
(1641, '48257', 0.300),
(1643, 'hd2205', 5.500),
(1644, 'hd00015', 4.000),
(1645, '218142h', 4.000),
(1646, '0123-KCH10FL', 0.300),
(1647, '0123kch10fl', 0.300),
(1648, 'CET114', 0.500),
(1649, 'c4036lr', 0.500),
(1650, '5014529', 7.000),
(1651, 'ASHY-TUC', 0.500),
(1652, 'ashytuc', 0.500),
(1653, '495982e000', 0.500),
(1654, 'mbdr0390l', 1.500),
(1657, 'pn1519', 0.800),
(1658, 'PN-1519', 0.800),
(1659, 'PN-1524', 1.700),
(1661, 'PN1524', 1.700),
(1662, '81560-0E070', 3.500),
(1663, '815600e070', 3.500),
(1664, 'D-3128-01', 2.000),
(1665, 'D-3128-01-I', 2.000),
(1666, 'PN-0365', 1.900),
(1667, 'PN0365', 1.900),
(1668, '341263', 3.000),
(1669, '015403001', 0.600),
(1670, '1115947010', 0.050),
(1671, '9030119023', 0.050),
(1672, '90311-78003', 0.100),
(1673, '9031178003', 0.100),
(1675, '0411247033', 2.000),
(1676, '922013X220', 1.000),
(1677, '922013X510', 0.700),
(1679, '0110013a48', 3.200),
(1680, '0110-013A48', 3.200),
(1682, 'mb21006a', 2.500),
(1685, '41919', 0.950),
(1686, 'CEKH39L', 0.900),
(1687, 'ex568202b000', 0.900),
(1688, '568202B000', 0.900),
(1690, '56820-2B000', 0.900),
(1691, '32961', 0.700),
(1692, '524605', 1.000),
(1693, '82932962', 1.000),
(1694, '77560', 5.000),
(1695, '0400900sx', 0.300),
(1696, '0500040895', 0.300),
(1697, '4pk0898', 0.300),
(1698, '4pk898', 0.300),
(1699, '4pk900', 0.300),
(1700, '13568-80015', 0.300),
(1701, 'a548y100', 0.300),
(1702, '1356880015', 0.300),
(1703, '0188-GX90', 0.400),
(1704, '132073Z000', 0.002),
(1705, 'mmb035', 2.200),
(1706, 'MM-NA4FR', 2.200),
(1707, 'm09na4f', 2.200),
(1708, 'm09na4l', 2.200),
(1709, '5002209', 2.000),
(1710, 'PN1497', 2.000),
(1711, '0110-ZZE150', 2.100),
(1712, '0110zze150', 2.100),
(1713, 'mmna4fr', 2.200),
(1714, '33151swag01', 5.000),
(1715, '2171163lldem1', 5.000),
(1716, '2223-RIOLH', 0.400),
(1717, '1060hh06', 0.400),
(1718, '2223riolh', 0.400),
(1719, 'CLKK28L', 0.400),
(1720, '11945', 0.400),
(1721, '1k1810', 0.400),
(1722, 'ki2806s', 0.400),
(1723, '1k1809', 0.400),
(1724, '2223riorh', 0.400),
(1725, '11946', 0.400),
(1726, 'kyty0001150', 5.000),
(1727, '288123ha', 5.000),
(1728, '288124h', 5.000),
(1729, 'ty0001150', 5.000),
(1730, 'bkr5ekud', 0.100),
(1731, '0242229782', 0.100),
(1732, '5623', 0.100),
(1733, 'vka16', 0.100),
(1734, '6503', 0.100),
(1735, '04465-YZZDB', 2.000),
(1736, '04465yzzdb', 2.000),
(1737, '301002F206', 1.400),
(1738, 'nsd129u', 1.400),
(1739, '302102f200', 5.300),
(1740, '122022611', 5.300),
(1741, 'nsc605', 5.300),
(1742, '50181200', 1.200),
(1743, 'hm071', 0.600),
(1744, 'HM-071', 0.600),
(1745, '0110acv30a48', 2.800),
(1746, 'co3857a', 2.700),
(1748, '4882006050', 0.500),
(1749, 'CLT75', 0.500),
(1751, '0123acv40f', 0.500),
(1752, '26281', 0.200),
(1753, '400h007', 0.200),
(1754, '1026', 0.200),
(1755, '105fl22', 0.200),
(1756, '94660', 0.200),
(1757, '0520130650', 0.150),
(1758, '0520130655', 0.150),
(1759, '10913x655', 0.150),
(1760, '13x650lb', 0.150),
(1761, '334320', 5.500),
(1762, '0123-FN6', 0.450),
(1763, '0123fn6', 0.450),
(1764, 'CLT56', 0.450),
(1765, '0120-N60', 0.450),
(1766, '0120n60', 0.450),
(1767, 'TAB-201', 0.400),
(1768, 'tab201', 0.400),
(1769, 'TAB-225', 0.350),
(1770, 'tab225', 0.350),
(1771, '344362', 2.000),
(1772, '339010', 5.800),
(1773, 'MSB-Z21F', 0.050),
(1774, '3011489', 0.100),
(1775, 'msbz21f', 0.050),
(1776, 'e8397m', 3.500),
(1777, 'kr0468m', 3.500),
(1778, '0n2041', 0.500),
(1779, '12903300', 0.500),
(1780, 'rp300', 0.500),
(1781, 'apv2081', 0.500),
(1782, 'dox0109', 0.200),
(1783, '894650e020', 0.200),
(1784, '0258006473', 0.300),
(1785, '0258006799', 0.300),
(1786, 'NM-J31RH', 2.300),
(1787, '11410-39058', 23.000),
(1788, '2213201838', 9.000),
(1789, '2213200538', 9.000),
(1790, '44110475', 9.000),
(1791, '903014m', 9.000),
(1792, 'FN1261', 1.300),
(1793, 'k1261', 1.300),
(1794, 'FN1198', 1.800),
(1795, 'fn1264', 1.700),
(1796, 'MK-1198', 1.800),
(1797, 'mk1504', 1.800),
(1798, 'mk1261', 1.300),
(1799, 'd1250m', 1.300),
(1800, 'd1250m01', 1.300),
(1801, 'ms2452', 1.300),
(1802, 'pn2452', 1.400),
(1803, '235905', 6.700),
(1804, '334400', 6.300),
(1805, '334395', 5.700),
(1806, '339209', 6.100),
(1807, '339133', 5.900),
(1808, '339245', 5.700),
(1809, '235907', 6.100),
(1811, 'akd1421', 1.100),
(1812, 'c22023', 1.100),
(1813, 'cmx771', 0.700),
(1814, 'd2173m', 0.700),
(1815, 'd2173m01', 0.700),
(1816, 'ms1421', 1.100),
(1817, 'p83045', 0.700),
(1818, 'pn1421', 0.700),
(1819, '0986494231', 0.700),
(1820, '0986424268', 2.000),
(1821, '5002295', 2.000),
(1822, 'akd1324', 2.000),
(1823, 'c12072jc', 2.000),
(1824, 'd2126', 2.000),
(1825, 'd2129', 2.000),
(1826, 'd2136m', 2.000),
(1827, 'ms1228', 2.000),
(1828, 'p83037', 2.000),
(1829, 'pn1228', 2.000),
(1834, 'pn1324', 2.000);

/*!40101 SET CHARACTER_SET_CLIENT=@OLD_CHARACTER_SET_CLIENT */;
/*!40101 SET CHARACTER_SET_RESULTS=@OLD_CHARACTER_SET_RESULTS */;
/*!40101 SET COLLATION_CONNECTION=@OLD_COLLATION_CONNECTION */;
